fifa_id,name,squad_id,team,position,price,status,total_points,avg_points,matches_played,percent_selected,round_1_points,round_2_points,round_3_points,round_4_points,next_fixture,betano_matched_name,betano_match_score,anytime_scorer_odd,anytime_scorer_prob,first_scorer_odd,first_scorer_prob,last_scorer_odd,match_home,match_away,is_home,opponent,match_home_win_odd,match_draw_odd,match_away_win_odd,match_btts_prob,match_over_25_odd,match_over_25_prob,match_over_35_odd,team_over_05_odd,team_over_15_odd,team_score_prob,team_score_2_prob,team_cs_prob,team_qualify_odd,team_win2_odd,opp_over_05_odd,opp_score_prob,opp_cs_prob,stat_GS,stat_AS,stat_CS,stat_GC,stat_MP,stat_YC,stat_RC,stat_ST,stat_SB,stat_CC,stat_PS,stat_T,stat_S,stat_SXI,stat_OG,stat_PC,stat_PW,stat_FK,round_1_SXI,round_1_MP,round_1_AS,round_1_YC,round_1_RC,round_1_OG,round_1_PW,round_1_PC,round_1_CS,round_1_GS,round_1_GC,round_1_PS,round_1_T,round_1_CC,round_1_ST,round_1_FK,round_1_S,round_1_SB,round_2_SXI,round_2_MP,round_2_AS,round_2_YC,round_2_RC,round_2_OG,round_2_PW,round_2_PC,round_2_CS,round_2_GS,round_2_GC,round_2_PS,round_2_T,round_2_CC,round_2_ST,round_2_FK,round_2_S,round_2_SB,round_3_SXI,round_3_MP,round_3_AS,round_3_YC,round_3_RC,round_3_OG,round_3_PW,round_3_PC,round_3_CS,round_3_GS,round_3_GC,round_3_PS,round_3_T,round_3_CC,round_3_ST,round_3_FK,round_3_S,round_3_SB,round_4_SXI,round_4_MP,round_4_AS,round_4_YC,round_4_RC,round_4_OG,round_4_PW,round_4_PC,round_4_CS,round_4_GS,round_4_GC,round_4_PS,round_4_T,round_4_CC,round_4_ST,round_4_FK,round_4_S,round_4_SB,round_5_SXI,round_5_MP,round_5_AS,round_5_YC,round_5_RC,round_5_OG,round_5_PW,round_5_PC,round_5_CS,round_5_GS,round_5_GC,round_5_PS,round_5_T,round_5_CC,round_5_ST,round_5_FK,round_5_S,round_5_SB,round_6_SXI,round_6_MP,round_6_AS,round_6_YC,round_6_RC,round_6_OG,round_6_PW,round_6_PC,round_6_CS,round_6_GS,round_6_GC,round_6_PS,round_6_T,round_6_CC,round_6_ST,round_6_FK,round_6_S,round_6_SB
28,Cristian Romero,2,Argentina,DEF,4.9,playing,24,4.8,5,11.0,9.0,1.0,,4.0,,Cristian Romero,100.0,9.0,0.1111,19.0,0.0526,19.0,England,Argentina,False,England,2.7,2.85,2.87,0.507,2.05,0.4306,3.3,1.35,2.6,0.6667,0.3846,0.3244,1.82,2.7,1.33,0.6756,0.3333,1.0,1.0,2.0,5.0,451.0,0.0,0.0,1.0,1.0,0.0,0.0,10.0,0.0,0.0,0.0,0.0,0.0,0.0,0.0,80.0,0.0,0.0,0.0,0.0,0.0,0.0,1.0,0.0,0.0,0.0,2.0,0.0,0.0,0.0,0.0,1.0,0.0,57.0,0.0,0.0,0.0,0.0,0.0,0.0,1.0,0.0,0.0,0.0,1.0,0.0,0.0,0.0,0.0,0.0,,,,,,,,,,,,,,,,,,,0.0,120.0,1.0,0.0,0.0,0.0,0.0,0.0,0.0,0.0,2.0,0.0,2.0,0.0,0.0,0.0,0.0,0.0,0.0,89.0,0.0,0.0,0.0,0.0,0.0,0.0,0.0,1.0,2.0,0.0,3.0,0.0,1.0,0.0,0.0,0.0,0.0,105.0,0.0,0.0,0.0,0.0,0.0,0.0,0.0,0.0,1.0,0.0,2.0,0.0,0.0,0.0,0.0,0.0
29,Marcos Senesi,2,Argentina,DEF,4.7,playing,4,4.0,1,0.3,,,4.0,,,Marcos Senesi,100.0,10.25,0.0976,22.0,0.0455,22.0,England,Argentina,False,England,2.7,2.85,2.87,0.507,2.05,0.4306,3.3,1.35,2.6,0.6667,0.3846,0.3244,1.82,2.7,1.33,0.6756,0.3333,0.0,0.0,0.0,1.0,90.0,0.0,0.0,0.0,0.0,0.0,0.0,0.0,0.0,0.0,0.0,0.0,1.0,0.0,,,,,,,,,,,,,,,,,,,,,,,,,,,,,,,,,,,,,0.0,90.0,0.0,0.0,0.0,0.0,1.0,0.0,0.0,0.0,1.0,0.0,0.0,0.0,0.0,0.0,0.0,0.0,,,,,,,,,,,,,,,,,,,,,,,,,,,,,,,,,,,,,,,,,,,,,,,,,,,,,,
30,Nahuel Molina,2,Argentina,DEF,4.4,playing,14,2.8,5,5.8,1.0,9.0,,1.0,,Nahuel Molina,100.0,16.5,0.0606,37.0,0.027,37.0,England,Argentina,False,England,2.7,2.85,2.87,0.507,2.05,0.4306,3.3,1.35,2.6,0.6667,0.3846,0.3244,1.82,2.7,1.33,0.6756,0.3333,0.0,0.0,2.0,5.0,397.0,0.0,0.0,0.0,1.0,0.0,0.0,10.0,0.0,0.0,0.0,0.0,0.0,0.0,0.0,45.0,0.0,0.0,0.0,0.0,0.0,0.0,1.0,0.0,0.0,0.0,1.0,0.0,0.0,0.0,0.0,0.0,0.0,90.0,0.0,0.0,0.0,0.0,0.0,0.0,1.0,0.0,0.0,0.0,2.0,0.0,0.0,0.0,0.0,1.0,,,,,,,,,,,,,,,,,,,0.0,104.0,0.0,0.0,0.0,0.0,0.0,0.0,0.0,0.0,2.0,0.0,3.0,0.0,0.0,0.0,0.0,0.0,0.0,73.0,0.0,0.0,0.0,0.0,0.0,0.0,0.0,0.0,2.0,0.0,3.0,0.0,0.0,0.0,0.0,0.0,0.0,85.0,0.0,0.0,0.0,0.0,0.0,0.0,0.0,0.0,1.0,0.0,1.0,0.0,0.0,0.0,0.0,0.0
31,Nicolás Otamendi,2,Argentina,DEF,4.4,playing,6,1.2,5,1.7,1.0,1.0,2.0,,,Nicolás Otamendi,100.0,13.0,0.0769,28.0,0.0357,29.0,England,Argentina,False,England,2.7,2.85,2.87,0.507,2.05,0.4306,3.3,1.35,2.6,0.6667,0.3846,0.3244,1.82,2.7,1.33,0.6756,0.3333,0.0,0.0,4.0,1.0,149.0,0.0,0.0,0.0,0.0,0.0,0.0,3.0,0.0,0.0,0.0,0.0,0.0,0.0,0.0,10.0,0.0,0.0,0.0,0.0,0.0,0.0,1.0,0.0,0.0,0.0,1.0,0.0,0.0,0.0,0.0,0.0,0.0,33.0,0.0,0.0,0.0,0.0,0.0,0.0,1.0,0.0,0.0,0.0,0.0,0.0,0.0,0.0,0.0,0.0,0.0,90.0,0.0,0.0,0.0,0.0,0.0,0.0,0.0,0.0,1.0,0.0,1.0,0.0,0.0,0.0,0.0,0.0,,,,,,,,,,,,,,,,,,,0.0,1.0,0.0,0.0,0.0,0.0,0.0,0.0,1.0,0.0,0.0,0.0,0.0,0.0,0.0,0.0,0.0,0.0,0.0,15.0,0.0,0.0,0.0,0.0,0.0,0.0,1.0,0.0,0.0,0.0,1.0,0.0,0.0,0.0,0.0,0.0
32,Marcos Acuña,2,Argentina,DEF,4.3,transferred,0,0.0,0,0.0,,,,,,,,150.0,0.0067,,,,England,Argentina,False,England,2.7,2.85,2.87,0.507,2.05,0.4306,3.3,1.35,2.6,0.6667,0.3846,0.3244,1.82,2.7,1.33,0.6756,0.3333,0.0,0.0,0.0,0.0,0.0,0.0,0.0,0.0,0.0,0.0,0.0,0.0,0.0,0.0,0.0,0.0,0.0,0.0,,,,,,,,,,,,,,,,,,,,,,,,,,,,,,,,,,,,,,,,,,,,,,,,,,,,,,,,,,,,,,,,,,,,,,,,,,,,,,,,,,,,,,,,,,,,,,,,,,,,,,,,,,,,
33,Lucas Martínez Quarta,2,Argentina,DEF,4.3,transferred,0,0.0,0,0.0,,,,,,,,150.0,0.0067,,,,England,Argentina,False,England,2.7,2.85,2.87,0.507,2.05,0.4306,3.3,1.35,2.6,0.6667,0.3846,0.3244,1.82,2.7,1.33,0.6756,0.3333,0.0,0.0,0.0,0.0,0.0,0.0,0.0,0.0,0.0,0.0,0.0,0.0,0.0,0.0,0.0,0.0,0.0,0.0,,,,,,,,,,,,,,,,,,,,,,,,,,,,,,,,,,,,,,,,,,,,,,,,,,,,,,,,,,,,,,,,,,,,,,,,,,,,,,,,,,,,,,,,,,,,,,,,,,,,,,,,,,,,
34,Nicolás Tagliafico,2,Argentina,DEF,4.3,playing,10,2.0,5,2.4,,1.0,2.0,1.0,,Nicolás Tagliafico,100.0,13.0,0.0769,28.0,0.0357,29.0,England,Argentina,False,England,2.7,2.85,2.87,0.507,2.05,0.4306,3.3,1.35,2.6,0.6667,0.3846,0.3244,1.82,2.7,1.33,0.6756,0.3333,0.0,0.0,1.0,4.0,276.0,0.0,0.0,0.0,0.0,2.0,0.0,3.0,0.0,0.0,0.0,0.0,1.0,0.0,,,,,,,,,,,,,,,,,,,0.0,8.0,0.0,0.0,0.0,0.0,0.0,0.0,1.0,0.0,0.0,0.0,0.0,0.0,0.0,0.0,0.0,0.0,0.0,90.0,0.0,0.0,0.0,0.0,0.0,0.0,0.0,0.0,1.0,0.0,0.0,1.0,0.0,0.0,0.0,0.0,0.0,34.0,0.0,0.0,0.0,0.0,0.0,0.0,0.0,0.0,1.0,0.0,3.0,0.0,0.0,0.0,0.0,0.0,0.0,66.0,0.0,0.0,0.0,0.0,1.0,0.0,0.0,0.0,1.0,0.0,0.0,1.0,0.0,0.0,0.0,0.0,0.0,78.0,0.0,0.0,0.0,0.0,0.0,0.0,0.0,0.0,1.0,0.0,0.0,0.0,0.0,0.0,0.0,0.0
35,Gabriel Rojas,2,Argentina,DEF,4.0,transferred,0,0.0,0,0.0,,,,,,,,150.0,0.0067,,,,England,Argentina,False,England,2.7,2.85,2.87,0.507,2.05,0.4306,3.3,1.35,2.6,0.6667,0.3846,0.3244,1.82,2.7,1.33,0.6756,0.3333,0.0,0.0,0.0,0.0,0.0,0.0,0.0,0.0,0.0,0.0,0.0,0.0,0.0,0.0,0.0,0.0,0.0,0.0,,,,,,,,,,,,,,,,,,,,,,,,,,,,,,,,,,,,,,,,,,,,,,,,,,,,,,,,,,,,,,,,,,,,,,,,,,,,,,,,,,,,,,,,,,,,,,,,,,,,,,,,,,,,
36,Agustín Giay,2,Argentina,DEF,3.7,transferred,0,0.0,0,0.0,,,,,,,,150.0,0.0067,,,,England,Argentina,False,England,2.7,2.85,2.87,0.507,2.05,0.4306,3.3,1.35,2.6,0.6667,0.3846,0.3244,1.82,2.7,1.33,0.6756,0.3333,0.0,0.0,0.0,0.0,0.0,0.0,0.0,0.0,0.0,0.0,0.0,0.0,0.0,0.0,0.0,0.0,0.0,0.0,,,,,,,,,,,,,,,,,,,,,,,,,,,,,,,,,,,,,,,,,,,,,,,,,,,,,,,,,,,,,,,,,,,,,,,,,,,,,,,,,,,,,,,,,,,,,,,,,,,,,,,,,,,,
38,Lionel Messi,2,Argentina,FWD,10.0,playing,66,11.0,6,56.2,19.0,14.0,7.0,10.0,,Lionel Messi,100.0,2.4,0.4167,4.5,0.2222,4.5,England,Argentina,False,England,2.7,2.85,2.87,0.507,2.05,0.4306,3.3,1.35,2.6,0.6667,0.3846,0.3244,1.82,2.7,1.33,0.6756,0.3333,8.0,2.0,3.0,5.0,530.0,0.0,0.0,18.0,0.0,6.0,0.0,9.0,0.0,0.0,0.0,0.0,0.0,1.0,0.0,80.0,0.0,0.0,0.0,0.0,0.0,0.0,1.0,3.0,0.0,0.0,2.0,0.0,4.0,0.0,0.0,0.0,0.0,90.0,0.0,0.0,0.0,0.0,0.0,0.0,1.0,2.0,0.0,0.0,2.0,2.0,4.0,0.0,0.0,0.0,0.0,30.0,0.0,0.0,0.0,0.0,0.0,0.0,1.0,1.0,0.0,0.0,0.0,1.0,1.0,1.0,0.0,0.0,0.0,120.0,0.0,0.0,0.0,0.0,0.0,0.0,0.0,1.0,2.0,0.0,1.0,1.0,6.0,0.0,0.0,0.0,0.0,90.0,1.0,0.0,0.0,0.0,0.0,0.0,0.0,1.0,2.0,0.0,1.0,2.0,2.0,0.0,0.0,0.0,0.0,120.0,1.0,0.0,0.0,0.0,0.0,0.0,0.0,0.0,1.0,0.0,3.0,0.0,1.0,0.0,0.0,0.0
39,Julián Alvarez,2,Argentina,FWD,8.6,playing,14,2.3,6,8.7,1.0,1.0,2.0,1.0,,Julián Álvarez,100.0,3.75,0.2667,7.5,0.1333,7.5,England,Argentina,False,England,2.7,2.85,2.87,0.507,2.05,0.4306,3.3,1.35,2.6,0.6667,0.3846,0.3244,1.82,2.7,1.33,0.6756,0.3333,1.0,0.0,2.0,5.0,409.0,0.0,0.0,4.0,0.0,0.0,0.0,4.0,0.0,0.0,0.0,0.0,0.0,0.0,0.0,35.0,0.0,0.0,0.0,0.0,0.0,0.0,1.0,0.0,0.0,0.0,1.0,0.0,0.0,0.0,0.0,0.0,0.0,26.0,0.0,0.0,0.0,0.0,0.0,0.0,1.0,0.0,0.0,0.0,0.0,0.0,1.0,0.0,0.0,0.0,0.0,82.0,0.0,0.0,0.0,0.0,0.0,0.0,0.0,0.0,1.0,0.0,0.0,0.0,1.0,0.0,0.0,0.0,0.0,57.0,0.0,0.0,0.0,0.0,0.0,0.0,0.0,0.0,1.0,0.0,0.0,0.0,0.0,0.0,0.0,0.0,0.0,89.0,0.0,0.0,0.0,0.0,0.0,0.0,0.0,0.0,2.0,0.0,1.0,0.0,1.0,0.0,0.0,0.0,0.0,120.0,0.0,0.0,0.0,0.0,0.0,0.0,0.0,1.0,1.0,0.0,2.0,0.0,1.0,0.0,0.0,0.0
40,Gianluca Prestianni,2,Argentina,MID,5.6,transferred,0,0.0,0,0.0,,,,,,,,150.0,0.0067,,,,England,Argentina,False,England,2.7,2.85,2.87,0.507,2.05,0.4306,3.3,1.35,2.6,0.6667,0.3846,0.3244,1.82,2.7,1.33,0.6756,0.3333,0.0,0.0,0.0,0.0,0.0,0.0,0.0,0.0,0.0,0.0,0.0,0.0,0.0,0.0,0.0,0.0,0.0,0.0,,,,,,,,,,,,,,,,,,,,,,,,,,,,,,,,,,,,,,,,,,,,,,,,,,,,,,,,,,,,,,,,,,,,,,,,,,,,,,,,,,,,,,,,,,,,,,,,,,,,,,,,,,,,
41,Giuliano Simeone,2,Argentina,MID,5.6,playing,2,2.0,1,0.6,,,2.0,,,Giuliano Simeone,100.0,5.2,0.1923,10.5,0.0952,10.75,England,Argentina,False,England,2.7,2.85,2.87,0.507,2.05,0.4306,3.3,1.35,2.6,0.6667,0.3846,0.3244,1.82,2.7,1.33,0.6756,0.3333,0.0,0.0,0.0,1.0,71.0,0.0,0.0,0.0,0.0,0.0,0.0,2.0,0.0,0.0,0.0,0.0,0.0,0.0,,,,,,,,,,,,,,,,,,,,,,,,,,,,,,,,,,,,,0.0,71.0,0.0,0.0,0.0,0.0,0.0,0.0,0.0,0.0,1.0,0.0,2.0,0.0,0.0,0.0,0.0,0.0,,,,,,,,,,,,,,,,,,,,,,,,,,,,,,,,,,,,,,,,,,,,,,,,,,,,,,
42,Nico González,2,Argentina,MID,5.6,playing,9,1.8,5,0.9,4.0,1.0,,2.0,,Nico Gonzalez,100.0,6.3,0.1587,13.0,0.0769,13.5,England,Argentina,False,England,2.7,2.85,2.87,0.507,2.05,0.4306,3.3,1.35,2.6,0.6667,0.3846,0.3244,1.82,2.7,1.33,0.6756,0.3333,0.0,1.0,3.0,2.0,182.0,0.0,0.0,0.0,0.0,1.0,0.0,3.0,0.0,0.0,0.0,0.0,0.0,0.0,0.0,35.0,1.0,0.0,0.0,0.0,0.0,0.0,1.0,0.0,0.0,0.0,0.0,0.0,0.0,0.0,0.0,0.0,0.0,25.0,0.0,0.0,0.0,0.0,0.0,0.0,1.0,0.0,0.0,0.0,0.0,0.0,0.0,0.0,0.0,0.0,,,,,,,,,,,,,,,,,,,0.0,56.0,0.0,0.0,0.0,0.0,0.0,0.0,0.0,0.0,1.0,0.0,3.0,0.0,0.0,0.0,0.0,0.0,0.0,24.0,0.0,0.0,0.0,0.0,0.0,0.0,0.0,0.0,1.0,0.0,0.0,0.0,0.0,0.0,0.0,0.0,0.0,42.0,0.0,0.0,0.0,0.0,0.0,0.0,1.0,0.0,0.0,0.0,0.0,1.0,0.0,0.0,0.0,0.0
43,José Manuel López,2,Argentina,FWD,5.3,playing,4,2.0,2,0.4,,,1.0,,,Flaco Lopez,100.0,3.8,0.2632,7.7,0.1299,7.7,England,Argentina,False,England,2.7,2.85,2.87,0.507,2.05,0.4306,3.3,1.35,2.6,0.6667,0.3846,0.3244,1.82,2.7,1.33,0.6756,0.3333,0.0,1.0,2.0,0.0,18.0,1.0,0.0,0.0,0.0,0.0,0.0,1.0,0.0,0.0,0.0,0.0,0.0,0.0,,,,,,,,,,,,,,,,,,,,,,,,,,,,,,,,,,,,,0.0,8.0,0.0,0.0,0.0,0.0,0.0,0.0,1.0,0.0,0.0,0.0,1.0,0.0,0.0,0.0,0.0,0.0,,,,,,,,,,,,,,,,,,,,,,,,,,,,,,,,,,,,,0.0,10.0,1.0,1.0,0.0,0.0,0.0,0.0,1.0,0.0,0.0,0.0,0.0,0.0,0.0,0.0,0.0,0.0
44,Franco Mastantuono,2,Argentina,MID,5.8,transferred,0,0.0,0,0.0,,,,,,,,150.0,0.0067,,,,England,Argentina,False,England,2.7,2.85,2.87,0.507,2.05,0.4306,3.3,1.35,2.6,0.6667,0.3846,0.3244,1.82,2.7,1.33,0.6756,0.3333,0.0,0.0,0.0,0.0,0.0,0.0,0.0,0.0,0.0,0.0,0.0,0.0,0.0,0.0,0.0,0.0,0.0,0.0,,,,,,,,,,,,,,,,,,,,,,,,,,,,,,,,,,,,,,,,,,,,,,,,,,,,,,,,,,,,,,,,,,,,,,,,,,,,,,,,,,,,,,,,,,,,,,,,,,,,,,,,,,,,
45,Emiliano Martínez,2,Argentina,GK,5.0,playing,22,3.7,6,35.6,7.0,7.0,2.0,2.0,,Lisandro Martínez,82.35294117647058,16.5,0.0606,37.0,0.027,37.0,England,Argentina,False,England,2.7,2.85,2.87,0.507,2.05,0.4306,3.3,1.35,2.6,0.6667,0.3846,0.3244,1.82,2.7,1.33,0.6756,0.3333,0.0,0.0,2.0,6.0,600.0,0.0,0.0,0.0,0.0,0.0,0.0,0.0,8.0,0.0,0.0,0.0,0.0,0.0,0.0,90.0,0.0,0.0,0.0,0.0,0.0,0.0,1.0,0.0,0.0,0.0,0.0,0.0,0.0,0.0,0.0,0.0,0.0,90.0,0.0,0.0,0.0,0.0,0.0,0.0,1.0,0.0,0.0,0.0,0.0,0.0,0.0,0.0,1.0,0.0,0.0,90.0,0.0,0.0,0.0,0.0,0.0,0.0,0.0,0.0,1.0,0.0,0.0,0.0,0.0,0.0,0.0,0.0,0.0,120.0,0.0,0.0,0.0,0.0,0.0,0.0,0.0,0.0,2.0,0.0,0.0,0.0,0.0,0.0,3.0,0.0,0.0,90.0,0.0,0.0,0.0,0.0,0.0,0.0,0.0,0.0,2.0,0.0,0.0,0.0,0.0,0.0,0.0,0.0,0.0,120.0,0.0,0.0,0.0,0.0,0.0,0.0,0.0,0.0,1.0,0.0,0.0,0.0,0.0,0.0,4.0,0.0
46,Gerónimo Rulli,2,Argentina,GK,4.5,playing,0,0.0,0,0.3,,,,,,,,150.0,0.0067,,,,England,Argentina,False,England,2.7,2.85,2.87,0.507,2.05,0.4306,3.3,1.35,2.6,0.6667,0.3846,0.3244,1.82,2.7,1.33,0.6756,0.3333,0.0,0.0,0.0,0.0,0.0,0.0,0.0,0.0,0.0,0.0,0.0,0.0,0.0,0.0,0.0,0.0,0.0,0.0,,,,,,,,,,,,,,,,,,,,,,,,,,,,,,,,,,,,,,,,,,,,,,,,,,,,,,,,,,,,,,,,,,,,,,,,,,,,,,,,,,,,,,,,,,,,,,,,,,,,,,,,,,,,
47,Juan Musso,2,Argentina,GK,4.3,playing,0,0.0,0,0.2,,,,,,,,150.0,0.0067,,,,England,Argentina,False,England,2.7,2.85,2.87,0.507,2.05,0.4306,3.3,1.35,2.6,0.6667,0.3846,0.3244,1.82,2.7,1.33,0.6756,0.3333,0.0,0.0,0.0,0.0,0.0,0.0,0.0,0.0,0.0,0.0,0.0,0.0,0.0,0.0,0.0,0.0,0.0,0.0,,,,,,,,,,,,,,,,,,,,,,,,,,,,,,,,,,,,,,,,,,,,,,,,,,,,,,,,,,,,,,,,,,,,,,,,,,,,,,,,,,,,,,,,,,,,,,,,,,,,,,,,,,,,
48,Leandro Paredes,2,Argentina,MID,5.6,playing,8,1.6,5,1.4,,0.0,2.0,1.0,,Leandro Paredes,100.0,8.25,0.1212,17.0,0.0588,17.5,England,Argentina,False,England,2.7,2.85,2.87,0.507,2.05,0.4306,3.3,1.35,2.6,0.6667,0.3846,0.3244,1.82,2.7,1.33,0.6756,0.3333,0.0,0.0,1.0,5.0,334.0,1.0,0.0,1.0,0.0,0.0,0.0,5.0,0.0,0.0,0.0,0.0,0.0,0.0,,,,,,,,,,,,,,,,,,,0.0,8.0,0.0,1.0,0.0,0.0,0.0,0.0,1.0,0.0,0.0,0.0,0.0,0.0,0.0,0.0,0.0,0.0,0.0,90.0,0.0,0.0,0.0,0.0,0.0,0.0,0.0,0.0,1.0,0.0,0.0,0.0,0.0,0.0,0.0,0.0,0.0,36.0,0.0,0.0,0.0,0.0,0.0,0.0,0.0,0.0,1.0,0.0,1.0,0.0,1.0,0.0,0.0,0.0,0.0,90.0,0.0,0.0,0.0,0.0,0.0,0.0,0.0,0.0,2.0,0.0,3.0,0.0,0.0,0.0,0.0,0.0,0.0,110.0,0.0,0.0,0.0,0.0,0.0,0.0,0.0,0.0,1.0,0.0,1.0,0.0,0.0,0.0,0.0,0.0
49,Máximo Perrone,2,Argentina,MID,5.6,transferred,0,0.0,0,0.0,,,,,,,,150.0,0.0067,,,,England,Argentina,False,England,2.7,2.85,2.87,0.507,2.05,0.4306,3.3,1.35,2.6,0.6667,0.3846,0.3244,1.82,2.7,1.33,0.6756,0.3333,0.0,0.0,0.0,0.0,0.0,0.0,0.0,0.0,0.0,0.0,0.0,0.0,0.0,0.0,0.0,0.0,0.0,0.0,,,,,,,,,,,,,,,,,,,,,,,,,,,,,,,,,,,,,,,,,,,,,,,,,,,,,,,,,,,,,,,,,,,,,,,,,,,,,,,,,,,,,,,,,,,,,,,,,,,,,,,,,,,,
50,Rodrigo De Paul,2,Argentina,MID,5.9,playing,18,3.6,5,4.1,9.0,3.0,,2.0,,Rodrigo de Paul,100.0,9.0,0.1111,19.0,0.0526,19.0,England,Argentina,False,England,2.7,2.85,2.87,0.507,2.05,0.4306,3.3,1.35,2.6,0.6667,0.3846,0.3244,1.82,2.7,1.33,0.6756,0.3333,0.0,1.0,2.0,3.0,407.0,0.0,0.0,1.0,1.0,1.0,0.0,6.0,0.0,0.0,0.0,0.0,0.0,0.0,0.0,90.0,1.0,0.0,0.0,0.0,0.0,0.0,1.0,0.0,0.0,0.0,3.0,0.0,0.0,0.0,0.0,1.0,0.0,82.0,0.0,0.0,0.0,0.0,0.0,0.0,1.0,0.0,0.0,0.0,1.0,0.0,0.0,0.0,0.0,0.0,,,,,,,,,,,,,,,,,,,0.0,84.0,0.0,0.0,0.0,0.0,0.0,0.0,0.0,0.0,1.0,0.0,1.0,0.0,0.0,0.0,0.0,0.0,0.0,66.0,0.0,0.0,0.0,0.0,0.0,0.0,0.0,0.0,1.0,0.0,1.0,1.0,1.0,0.0,0.0,0.0,0.0,85.0,0.0,0.0,0.0,0.0,0.0,0.0,0.0,0.0,1.0,0.0,0.0,0.0,0.0,0.0,0.0,0.0
51,Nico Paz,2,Argentina,MID,5.9,playing,3,1.5,2,0.8,1.0,,2.0,,,Nico Paz,100.0,5.2,0.1923,10.5,0.0952,10.75,England,Argentina,False,England,2.7,2.85,2.87,0.507,2.05,0.4306,3.3,1.35,2.6,0.6667,0.3846,0.3244,1.82,2.7,1.33,0.6756,0.3333,0.0,0.0,1.0,1.0,71.0,0.0,0.0,0.0,0.0,0.0,0.0,3.0,0.0,0.0,0.0,0.0,0.0,0.0,0.0,10.0,0.0,0.0,0.0,0.0,0.0,0.0,1.0,0.0,0.0,0.0,2.0,0.0,0.0,0.0,0.0,0.0,,,,,,,,,,,,,,,,,,,0.0,61.0,0.0,0.0,0.0,0.0,0.0,0.0,0.0,0.0,1.0,0.0,1.0,0.0,0.0,0.0,0.0,0.0,,,,,,,,,,,,,,,,,,,,,,,,,,,,,,,,,,,,,,,,,,,,,,,,,,,,,,
52,Alejandro Garnacho,2,Argentina,MID,5.5,transferred,0,0.0,0,0.0,,,,,,,,150.0,0.0067,,,,England,Argentina,False,England,2.7,2.85,2.87,0.507,2.05,0.4306,3.3,1.35,2.6,0.6667,0.3846,0.3244,1.82,2.7,1.33,0.6756,0.3333,0.0,0.0,0.0,0.0,0.0,0.0,0.0,0.0,0.0,0.0,0.0,0.0,0.0,0.0,0.0,0.0,0.0,0.0,,,,,,,,,,,,,,,,,,,,,,,,,,,,,,,,,,,,,,,,,,,,,,,,,,,,,,,,,,,,,,,,,,,,,,,,,,,,,,,,,,,,,,,,,,,,,,,,,,,,,,,,,,,,
53,Valentín Barco,2,Argentina,MID,6.2,playing,1,1.0,1,0.2,,,1.0,,,Valentin Barco,100.0,8.25,0.1212,17.0,0.0588,17.5,England,Argentina,False,England,2.7,2.85,2.87,0.507,2.05,0.4306,3.3,1.35,2.6,0.6667,0.3846,0.3244,1.82,2.7,1.33,0.6756,0.3333,0.0,0.0,1.0,0.0,19.0,0.0,0.0,0.0,0.0,0.0,0.0,1.0,0.0,0.0,0.0,0.0,0.0,0.0,,,,,,,,,,,,,,,,,,,,,,,,,,,,,,,,,,,,,0.0,19.0,0.0,0.0,0.0,0.0,0.0,0.0,1.0,0.0,0.0,0.0,1.0,0.0,0.0,0.0,0.0,0.0,,,,,,,,,,,,,,,,,,,,,,,,,,,,,,,,,,,,,,,,,,,,,,,,,,,,,,
54,Exequiel Palacios,2,Argentina,MID,6.0,playing,3,3.0,1,0.2,,,3.0,,,Exequiel Palacios,100.0,9.0,0.1111,19.0,0.0526,19.0,England,Argentina,False,England,2.7,2.85,2.87,0.507,2.05,0.4306,3.3,1.35,2.6,0.6667,0.3846,0.3244,1.82,2.7,1.33,0.6756,0.3333,0.0,0.0,0.0,1.0,90.0,0.0,0.0,0.0,0.0,0.0,0.0,4.0,0.0,0.0,0.0,0.0,0.0,0.0,,,,,,,,,,,,,,,,,,,,,,,,,,,,,,,,,,,,,0.0,90.0,0.0,0.0,0.0,0.0,0.0,0.0,0.0,0.0,1.0,0.0,4.0,0.0,0.0,0.0,0.0,0.0,,,,,,,,,,,,,,,,,,,,,,,,,,,,,,,,,,,,,,,,,,,,,,,,,,,,,,
55,Thiago Almada,2,Argentina,MID,6.5,playing,11,2.2,5,0.3,1.0,4.0,1.0,2.0,,Thiago Almada,100.0,5.5,0.1818,11.5,0.087,11.5,England,Argentina,False,England,2.7,2.85,2.87,0.507,2.05,0.4306,3.3,1.35,2.6,0.6667,0.3846,0.3244,1.82,2.7,1.33,0.6756,0.3333,0.0,1.0,4.0,1.0,243.0,1.0,0.0,2.0,0.0,0.0,0.0,5.0,0.0,0.0,0.0,0.0,0.0,0.0,0.0,55.0,0.0,0.0,0.0,0.0,0.0,0.0,1.0,0.0,0.0,0.0,2.0,0.0,0.0,0.0,0.0,0.0,0.0,64.0,0.0,0.0,0.0,0.0,0.0,0.0,1.0,0.0,0.0,0.0,3.0,0.0,0.0,0.0,0.0,0.0,0.0,30.0,0.0,0.0,0.0,0.0,0.0,0.0,1.0,0.0,0.0,0.0,0.0,0.0,0.0,0.0,0.0,0.0,0.0,64.0,0.0,0.0,0.0,0.0,0.0,0.0,0.0,0.0,1.0,0.0,0.0,0.0,0.0,0.0,0.0,0.0,,,,,,,,,,,,,,,,,,,0.0,30.0,1.0,1.0,0.0,0.0,0.0,0.0,1.0,0.0,0.0,0.0,0.0,0.0,2.0,0.0,0.0,0.0
56,Alexis Mac Allister,2,Argentina,MID,6.6,playing,34,5.7,6,16.4,8.0,4.0,2.0,8.0,,Alexis Mac Allister,100.0,9.5,0.1053,20.0,0.05,21.0,England,Argentina,False,England,2.7,2.85,2.87,0.507,2.05,0.4306,3.3,1.35,2.6,0.6667,0.3846,0.3244,1.82,2.7,1.33,0.6756,0.3333,1.0,2.0,3.0,5.0,539.0,0.0,0.0,3.0,2.0,1.0,0.0,18.0,0.0,0.0,0.0,0.0,0.0,0.0,0.0,90.0,1.0,0.0,0.0,0.0,0.0,0.0,1.0,0.0,0.0,0.0,1.0,1.0,1.0,0.0,0.0,1.0,0.0,90.0,0.0,0.0,0.0,0.0,0.0,0.0,1.0,0.0,0.0,0.0,4.0,0.0,0.0,0.0,0.0,0.0,0.0,29.0,0.0,0.0,0.0,0.0,0.0,0.0,1.0,0.0,0.0,0.0,3.0,0.0,0.0,0.0,0.0,0.0,0.0,120.0,1.0,0.0,0.0,0.0,0.0,0.0,0.0,0.0,2.0,0.0,4.0,0.0,0.0,0.0,0.0,1.0,0.0,90.0,0.0,0.0,0.0,0.0,0.0,0.0,0.0,0.0,2.0,0.0,3.0,0.0,1.0,0.0,0.0,0.0,0.0,120.0,0.0,0.0,0.0,0.0,0.0,0.0,0.0,1.0,1.0,0.0,3.0,0.0,1.0,0.0,0.0,0.0
57,Enzo Fernández,2,Argentina,MID,7.5,playing,21,4.2,5,5.4,4.0,3.0,,2.0,,Enzo Fernández,100.0,9.5,0.1053,20.0,0.05,21.0,England,Argentina,False,England,2.7,2.85,2.87,0.507,2.05,0.4306,3.3,1.35,2.6,0.6667,0.3846,0.3244,1.82,2.7,1.33,0.6756,0.3333,1.0,0.0,2.0,5.0,480.0,0.0,0.0,3.0,1.0,0.0,0.0,7.0,0.0,0.0,0.0,0.0,0.0,0.0,0.0,90.0,0.0,0.0,0.0,0.0,0.0,0.0,1.0,0.0,0.0,0.0,3.0,0.0,0.0,0.0,0.0,0.0,0.0,90.0,0.0,0.0,0.0,0.0,0.0,0.0,1.0,0.0,0.0,0.0,2.0,0.0,0.0,0.0,0.0,0.0,,,,,,,,,,,,,,,,,,,0.0,120.0,0.0,0.0,0.0,0.0,0.0,0.0,0.0,0.0,2.0,0.0,1.0,0.0,2.0,0.0,0.0,0.0,0.0,90.0,0.0,0.0,0.0,0.0,0.0,0.0,0.0,1.0,2.0,0.0,1.0,0.0,1.0,0.0,0.0,1.0,0.0,90.0,0.0,0.0,0.0,0.0,0.0,0.0,0.0,0.0,1.0,0.0,0.0,0.0,0.0,0.0,0.0,0.0
457,Nico O'Reilly,18,England,DEF,4.7,playing,13,2.2,6,14.4,1.0,1.0,7.0,2.0,,Nico O'Reilly,100.0,10.25,0.0976,21.0,0.0476,22.0,England,Argentina,True,Argentina,2.7,2.85,2.87,0.507,2.05,0.4306,3.3,1.33,2.47,0.6756,0.4049,0.3333,1.75,2.55,1.35,0.6667,0.3244,0.0,0.0,2.0,6.0,454.0,1.0,0.0,1.0,0.0,1.0,0.0,6.0,0.0,0.0,0.0,0.0,0.0,0.0,0.0,90.0,0.0,0.0,0.0,0.0,0.0,0.0,0.0,0.0,2.0,0.0,0.0,0.0,1.0,0.0,0.0,0.0,0.0,24.0,0.0,0.0,0.0,0.0,0.0,0.0,1.0,0.0,0.0,0.0,1.0,0.0,0.0,0.0,0.0,0.0,0.0,90.0,0.0,0.0,0.0,0.0,0.0,0.0,1.0,0.0,0.0,0.0,3.0,0.0,0.0,0.0,0.0,0.0,0.0,90.0,0.0,0.0,0.0,0.0,0.0,0.0,0.0,0.0,1.0,0.0,0.0,1.0,0.0,0.0,0.0,0.0,0.0,74.0,0.0,1.0,0.0,0.0,0.0,0.0,0.0,0.0,2.0,0.0,1.0,0.0,0.0,0.0,0.0,0.0,0.0,86.0,0.0,0.0,0.0,0.0,0.0,0.0,0.0,0.0,1.0,0.0,1.0,0.0,0.0,0.0,0.0,0.0
459,Tino Livramento,18,England,DEF,4.6,transferred,0,0.0,0,0.1,,,,,,,,150.0,0.0067,,,,England,Argentina,True,Argentina,2.7,2.85,2.87,0.507,2.05,0.4306,3.3,1.33,2.47,0.6756,0.4049,0.3333,1.75,2.55,1.35,0.6667,0.3244,0.0,0.0,0.0,0.0,0.0,0.0,0.0,0.0,0.0,0.0,0.0,0.0,0.0,0.0,0.0,0.0,0.0,0.0,,,,,,,,,,,,,,,,,,,,,,,,,,,,,,,,,,,,,,,,,,,,,,,,,,,,,,,,,,,,,,,,,,,,,,,,,,,,,,,,,,,,,,,,,,,,,,,,,,,,,,,,,,,,
461,Marc Guéhi,18,England,DEF,5.1,playing,19,3.2,6,7.7,1.0,7.0,7.0,2.0,,Marc Guehi,100.0,16.5,0.0606,35.0,0.0286,37.0,England,Argentina,True,Argentina,2.7,2.85,2.87,0.507,2.05,0.4306,3.3,1.33,2.47,0.6756,0.4049,0.3333,1.75,2.55,1.35,0.6667,0.3244,0.0,0.0,3.0,4.0,483.0,1.0,0.0,0.0,0.0,0.0,0.0,0.0,0.0,0.0,0.0,0.0,0.0,0.0,0.0,3.0,0.0,0.0,0.0,0.0,0.0,0.0,1.0,0.0,0.0,0.0,0.0,0.0,0.0,0.0,0.0,0.0,0.0,90.0,0.0,0.0,0.0,0.0,0.0,0.0,1.0,0.0,0.0,0.0,0.0,0.0,0.0,0.0,0.0,0.0,0.0,90.0,0.0,0.0,0.0,0.0,0.0,0.0,1.0,0.0,0.0,0.0,0.0,0.0,0.0,0.0,0.0,0.0,0.0,90.0,0.0,0.0,0.0,0.0,0.0,0.0,0.0,0.0,1.0,0.0,0.0,0.0,0.0,0.0,0.0,0.0,0.0,90.0,0.0,1.0,0.0,0.0,0.0,0.0,0.0,0.0,2.0,0.0,0.0,0.0,0.0,0.0,0.0,0.0,0.0,120.0,0.0,0.0,0.0,0.0,0.0,0.0,0.0,0.0,1.0,0.0,0.0,0.0,0.0,0.0,0.0,0.0
462,Dan Burn,18,England,DEF,4.5,playing,2,1.0,2,0.6,,,,,,Dan Burn,100.0,15.0,0.0667,32.0,0.0312,32.0,England,Argentina,True,Argentina,2.7,2.85,2.87,0.507,2.05,0.4306,3.3,1.33,2.47,0.6756,0.4049,0.3333,1.75,2.55,1.35,0.6667,0.3244,0.0,0.0,2.0,0.0,24.0,0.0,0.0,0.0,0.0,0.0,0.0,0.0,0.0,0.0,0.0,0.0,0.0,0.0,,,,,,,,,,,,,,,,,,,,,,,,,,,,,,,,,,,,,,,,,,,,,,,,,,,,,,,,,,,,,,,,,,,,,,,,,0.0,15.0,0.0,0.0,0.0,0.0,0.0,0.0,1.0,0.0,0.0,0.0,0.0,0.0,0.0,0.0,0.0,0.0,0.0,9.0,0.0,0.0,0.0,0.0,0.0,0.0,1.0,0.0,0.0,0.0,0.0,0.0,0.0,0.0,0.0,0.0
463,Ezri Konsa,18,England,DEF,4.8,playing,24,4.0,6,7.8,1.0,9.0,9.0,2.0,,Ezri Konsa,100.0,16.5,0.0606,35.0,0.0286,37.0,England,Argentina,True,Argentina,2.7,2.85,2.87,0.507,2.05,0.4306,3.3,1.33,2.47,0.6756,0.4049,0.3333,1.75,2.55,1.35,0.6667,0.3244,0.0,0.0,2.0,6.0,539.0,0.0,0.0,1.0,2.0,0.0,0.0,3.0,0.0,0.0,0.0,0.0,0.0,0.0,0.0,90.0,0.0,0.0,0.0,0.0,0.0,0.0,0.0,0.0,2.0,0.0,0.0,0.0,1.0,0.0,0.0,0.0,0.0,90.0,0.0,0.0,0.0,0.0,0.0,0.0,1.0,0.0,0.0,0.0,1.0,0.0,0.0,0.0,0.0,1.0,0.0,90.0,0.0,0.0,0.0,0.0,0.0,0.0,1.0,0.0,0.0,0.0,1.0,0.0,0.0,0.0,0.0,1.0,0.0,90.0,0.0,0.0,0.0,0.0,0.0,0.0,0.0,0.0,1.0,0.0,0.0,0.0,0.0,0.0,0.0,0.0,0.0,90.0,0.0,0.0,0.0,0.0,0.0,0.0,0.0,0.0,2.0,0.0,0.0,0.0,0.0,0.0,0.0,0.0,0.0,89.0,0.0,0.0,0.0,0.0,0.0,0.0,0.0,0.0,1.0,0.0,1.0,0.0,0.0,0.0,0.0,0.0
466,John Stones,18,England,DEF,4.6,playing,5,1.3,4,1.7,1.0,,,1.0,,John Stones,100.0,16.5,0.0606,35.0,0.0286,37.0,England,Argentina,True,Argentina,2.7,2.85,2.87,0.507,2.05,0.4306,3.3,1.33,2.47,0.6756,0.4049,0.3333,1.75,2.55,1.35,0.6667,0.3244,0.0,0.0,1.0,4.0,241.0,0.0,0.0,0.0,0.0,0.0,0.0,1.0,0.0,0.0,0.0,0.0,0.0,0.0,0.0,87.0,0.0,0.0,0.0,0.0,0.0,0.0,0.0,0.0,2.0,0.0,1.0,0.0,0.0,0.0,0.0,0.0,,,,,,,,,,,,,,,,,,,,,,,,,,,,,,,,,,,,,0.0,1.0,0.0,0.0,0.0,0.0,0.0,0.0,1.0,0.0,0.0,0.0,0.0,0.0,0.0,0.0,0.0,0.0,0.0,33.0,0.0,0.0,0.0,0.0,0.0,0.0,0.0,0.0,1.0,0.0,0.0,0.0,0.0,0.0,0.0,0.0,0.0,120.0,0.0,0.0,0.0,0.0,0.0,0.0,0.0,0.0,1.0,0.0,0.0,0.0,0.0,0.0,0.0,0.0
467,Djed Spence,18,England,DEF,4.5,playing,15,2.5,6,2.1,1.0,9.0,1.0,2.0,,Djed Spence,100.0,16.5,0.0606,35.0,0.0286,37.0,England,Argentina,True,Argentina,2.7,2.85,2.87,0.507,2.05,0.4306,3.3,1.33,2.47,0.6756,0.4049,0.3333,1.75,2.55,1.35,0.6667,0.3244,0.0,0.0,5.0,1.0,223.0,0.0,0.0,2.0,1.0,0.0,0.0,9.0,0.0,0.0,0.0,0.0,0.0,0.0,0.0,10.0,0.0,0.0,0.0,0.0,0.0,0.0,1.0,0.0,0.0,0.0,1.0,0.0,1.0,0.0,0.0,0.0,0.0,66.0,0.0,0.0,0.0,0.0,0.0,0.0,1.0,0.0,0.0,0.0,1.0,0.0,0.0,0.0,0.0,1.0,0.0,27.0,0.0,0.0,0.0,0.0,0.0,0.0,1.0,0.0,0.0,0.0,1.0,0.0,0.0,0.0,0.0,0.0,0.0,70.0,0.0,0.0,0.0,0.0,0.0,0.0,0.0,0.0,1.0,0.0,4.0,0.0,0.0,0.0,0.0,0.0,0.0,16.0,0.0,0.0,0.0,0.0,0.0,0.0,1.0,0.0,0.0,0.0,0.0,0.0,0.0,0.0,0.0,0.0,0.0,34.0,0.0,0.0,0.0,0.0,0.0,0.0,1.0,0.0,0.0,0.0,2.0,0.0,1.0,0.0,0.0,0.0
468,Harry Kane,18,England,FWD,10.5,playing,48,8.0,6,50.1,13.0,2.0,8.0,13.0,,Harry Kane,100.0,2.57,0.3891,4.85,0.2062,4.85,England,Argentina,True,Argentina,2.7,2.85,2.87,0.507,2.05,0.4306,3.3,1.33,2.47,0.6756,0.4049,0.3333,1.75,2.55,1.35,0.6667,0.3244,6.0,1.0,2.0,6.0,563.0,0.0,0.0,12.0,0.0,1.0,0.0,3.0,0.0,0.0,0.0,1.0,0.0,0.0,0.0,90.0,0.0,0.0,0.0,0.0,0.0,0.0,0.0,2.0,2.0,0.0,1.0,0.0,3.0,0.0,0.0,0.0,0.0,90.0,0.0,0.0,0.0,0.0,0.0,0.0,1.0,0.0,0.0,0.0,0.0,0.0,1.0,0.0,0.0,0.0,0.0,84.0,0.0,0.0,0.0,0.0,0.0,0.0,1.0,1.0,0.0,0.0,0.0,0.0,2.0,0.0,0.0,0.0,0.0,90.0,0.0,0.0,0.0,0.0,0.0,0.0,0.0,2.0,1.0,0.0,0.0,0.0,3.0,0.0,0.0,0.0,0.0,89.0,1.0,0.0,0.0,0.0,0.0,1.0,0.0,1.0,2.0,0.0,1.0,1.0,1.0,0.0,0.0,0.0,0.0,120.0,0.0,0.0,0.0,0.0,0.0,0.0,0.0,0.0,1.0,0.0,1.0,0.0,2.0,0.0,0.0,0.0
469,Bukayo Saka,18,England,MID,9.5,playing,25,4.2,6,5.0,4.0,1.0,8.0,1.0,,Bukayo Saka,100.0,5.4,0.1852,11.0,0.0909,11.25,England,Argentina,True,Argentina,2.7,2.85,2.87,0.507,2.05,0.4306,3.3,1.33,2.47,0.6756,0.4049,0.3333,1.75,2.55,1.35,0.6667,0.3244,0.0,3.0,5.0,1.0,267.0,0.0,0.0,3.0,2.0,2.0,0.0,10.0,0.0,0.0,0.0,0.0,0.0,0.0,0.0,18.0,1.0,0.0,0.0,0.0,0.0,0.0,1.0,0.0,0.0,0.0,0.0,0.0,0.0,0.0,0.0,0.0,0.0,25.0,0.0,0.0,0.0,0.0,0.0,0.0,1.0,0.0,0.0,0.0,0.0,0.0,1.0,0.0,0.0,0.0,0.0,63.0,1.0,0.0,0.0,0.0,0.0,0.0,1.0,0.0,0.0,0.0,2.0,1.0,0.0,0.0,0.0,1.0,0.0,29.0,0.0,0.0,0.0,0.0,0.0,0.0,1.0,0.0,0.0,0.0,2.0,0.0,0.0,0.0,0.0,0.0,0.0,57.0,1.0,0.0,0.0,0.0,0.0,0.0,0.0,0.0,1.0,0.0,3.0,1.0,0.0,0.0,0.0,1.0,0.0,75.0,0.0,0.0,0.0,0.0,0.0,0.0,1.0,0.0,0.0,0.0,3.0,0.0,2.0,0.0,0.0,0.0
471,Marcus Rashford,18,England,MID,7.5,playing,15,3.8,4,2.0,9.0,1.0,3.0,2.0,,Marcus Rashford,100.0,4.6,0.2174,9.25,0.1081,9.25,England,Argentina,True,Argentina,2.7,2.85,2.87,0.507,2.05,0.4306,3.3,1.33,2.47,0.6756,0.4049,0.3333,1.75,2.55,1.35,0.6667,0.3244,1.0,0.0,3.0,1.0,176.0,0.0,0.0,3.0,1.0,0.0,0.0,2.0,0.0,0.0,0.0,0.0,0.0,0.0,0.0,18.0,0.0,0.0,0.0,0.0,0.0,0.0,1.0,1.0,0.0,0.0,0.0,0.0,1.0,0.0,0.0,1.0,0.0,7.0,0.0,0.0,0.0,0.0,0.0,0.0,1.0,0.0,0.0,0.0,0.0,0.0,0.0,0.0,0.0,0.0,0.0,90.0,0.0,0.0,0.0,0.0,0.0,0.0,1.0,0.0,0.0,0.0,1.0,0.0,1.0,0.0,0.0,0.0,0.0,61.0,0.0,0.0,0.0,0.0,0.0,0.0,0.0,0.0,1.0,0.0,1.0,0.0,1.0,0.0,0.0,0.0,,,,,,,,,,,,,,,,,,,,,,,,,,,,,,,,,,,,
474,Anthony Gordon,18,England,MID,7.0,playing,26,5.2,5,10.8,2.0,3.0,,9.0,,Anthony Gordon,100.0,5.6,0.1786,11.5,0.087,11.5,England,Argentina,True,Argentina,2.7,2.85,2.87,0.507,2.05,0.4306,3.3,1.33,2.47,0.6756,0.4049,0.3333,1.75,2.55,1.35,0.6667,0.3244,0.0,3.0,2.0,5.0,327.0,0.0,0.0,3.0,2.0,2.0,0.0,5.0,0.0,0.0,0.0,0.0,1.0,0.0,0.0,72.0,0.0,0.0,0.0,0.0,0.0,0.0,0.0,0.0,2.0,0.0,0.0,0.0,1.0,0.0,0.0,0.0,0.0,65.0,0.0,0.0,0.0,0.0,0.0,0.0,1.0,0.0,0.0,0.0,1.0,0.0,1.0,0.0,0.0,0.0,,,,,,,,,,,,,,,,,,,0.0,29.0,2.0,0.0,0.0,0.0,0.0,0.0,1.0,0.0,0.0,0.0,0.0,1.0,0.0,0.0,0.0,1.0,0.0,90.0,0.0,0.0,0.0,0.0,1.0,0.0,0.0,0.0,2.0,0.0,3.0,0.0,1.0,0.0,0.0,1.0,0.0,71.0,1.0,0.0,0.0,0.0,0.0,0.0,0.0,0.0,1.0,0.0,1.0,1.0,0.0,0.0,0.0,0.0
475,Morgan Rogers,18,England,MID,7.2,playing,10,2.0,5,0.5,1.0,1.0,3.0,,,Morgan Rogers,100.0,5.0,0.2,10.25,0.0976,10.25,England,Argentina,True,Argentina,2.7,2.85,2.87,0.507,2.05,0.4306,3.3,1.33,2.47,0.6756,0.4049,0.3333,1.75,2.55,1.35,0.6667,0.3244,0.0,1.0,5.0,0.0,157.0,0.0,0.0,1.0,0.0,1.0,0.0,3.0,0.0,0.0,0.0,0.0,0.0,0.0,0.0,18.0,0.0,0.0,0.0,0.0,0.0,0.0,1.0,0.0,0.0,0.0,1.0,1.0,0.0,0.0,0.0,0.0,0.0,17.0,0.0,0.0,0.0,0.0,0.0,0.0,1.0,0.0,0.0,0.0,0.0,0.0,0.0,0.0,0.0,0.0,0.0,90.0,0.0,0.0,0.0,0.0,0.0,0.0,1.0,0.0,0.0,0.0,2.0,0.0,0.0,0.0,0.0,0.0,,,,,,,,,,,,,,,,,,,0.0,1.0,0.0,0.0,0.0,0.0,0.0,0.0,1.0,0.0,0.0,0.0,0.0,0.0,0.0,0.0,0.0,0.0,0.0,31.0,1.0,0.0,0.0,0.0,0.0,0.0,1.0,0.0,0.0,0.0,0.0,0.0,1.0,0.0,0.0,0.0
476,Noni Madueke,18,England,FWD,6.1,playing,10,2.0,5,1.3,4.0,2.0,1.0,2.0,,Noni Madueke,100.0,6.6,0.1515,13.5,0.0741,13.5,England,Argentina,True,Argentina,2.7,2.85,2.87,0.507,2.05,0.4306,3.3,1.33,2.47,0.6756,0.4049,0.3333,1.75,2.55,1.35,0.6667,0.3244,0.0,0.0,2.0,4.0,288.0,0.0,0.0,1.0,0.0,3.0,0.0,5.0,0.0,0.0,0.0,0.0,1.0,0.0,0.0,72.0,0.0,0.0,0.0,0.0,1.0,0.0,0.0,0.0,2.0,0.0,0.0,1.0,0.0,0.0,0.0,0.0,0.0,83.0,0.0,0.0,0.0,0.0,0.0,0.0,1.0,0.0,0.0,0.0,1.0,0.0,0.0,0.0,0.0,0.0,0.0,27.0,0.0,0.0,0.0,0.0,0.0,0.0,1.0,0.0,0.0,0.0,1.0,0.0,1.0,0.0,0.0,0.0,0.0,61.0,0.0,0.0,0.0,0.0,0.0,0.0,0.0,0.0,1.0,0.0,2.0,2.0,0.0,0.0,0.0,0.0,,,,,,,,,,,,,,,,,,,0.0,45.0,0.0,0.0,0.0,0.0,0.0,0.0,0.0,0.0,1.0,0.0,1.0,0.0,0.0,0.0,0.0,0.0
477,Jordan Pickford,18,England,GK,4.8,playing,23,3.8,6,20.2,2.0,7.0,7.0,2.0,,,,150.0,0.0067,,,,England,Argentina,True,Argentina,2.7,2.85,2.87,0.507,2.05,0.4306,3.3,1.33,2.47,0.6756,0.4049,0.3333,1.75,2.55,1.35,0.6667,0.3244,0.0,0.0,2.0,6.0,570.0,0.0,0.0,0.0,0.0,0.0,0.0,0.0,12.0,0.0,0.0,0.0,0.0,0.0,0.0,90.0,0.0,0.0,0.0,0.0,0.0,0.0,0.0,0.0,2.0,0.0,0.0,0.0,0.0,0.0,3.0,0.0,0.0,90.0,0.0,0.0,0.0,0.0,0.0,0.0,1.0,0.0,0.0,0.0,0.0,0.0,0.0,0.0,0.0,0.0,0.0,90.0,0.0,0.0,0.0,0.0,0.0,0.0,1.0,0.0,0.0,0.0,0.0,0.0,0.0,0.0,2.0,0.0,0.0,90.0,0.0,0.0,0.0,0.0,0.0,0.0,0.0,0.0,1.0,0.0,0.0,0.0,0.0,0.0,1.0,0.0,0.0,90.0,0.0,0.0,0.0,0.0,0.0,0.0,0.0,0.0,2.0,0.0,0.0,0.0,0.0,0.0,3.0,0.0,0.0,120.0,0.0,0.0,0.0,0.0,0.0,0.0,0.0,0.0,1.0,0.0,0.0,0.0,0.0,0.0,3.0,0.0
478,Dean Henderson,18,England,GK,4.2,playing,0,0.0,0,0.4,,,,,,,,150.0,0.0067,,,,England,Argentina,True,Argentina,2.7,2.85,2.87,0.507,2.05,0.4306,3.3,1.33,2.47,0.6756,0.4049,0.3333,1.75,2.55,1.35,0.6667,0.3244,0.0,0.0,0.0,0.0,0.0,0.0,0.0,0.0,0.0,0.0,0.0,0.0,0.0,0.0,0.0,0.0,0.0,0.0,,,,,,,,,,,,,,,,,,,,,,,,,,,,,,,,,,,,,,,,,,,,,,,,,,,,,,,,,,,,,,,,,,,,,,,,,,,,,,,,,,,,,,,,,,,,,,,,,,,,,,,,,,,,
479,James Trafford,18,England,GK,4.0,playing,0,0.0,0,0.8,,,,,,,,150.0,0.0067,,,,England,Argentina,True,Argentina,2.7,2.85,2.87,0.507,2.05,0.4306,3.3,1.33,2.47,0.6756,0.4049,0.3333,1.75,2.55,1.35,0.6667,0.3244,0.0,0.0,0.0,0.0,0.0,0.0,0.0,0.0,0.0,0.0,0.0,0.0,0.0,0.0,0.0,0.0,0.0,0.0,,,,,,,,,,,,,,,,,,,,,,,,,,,,,,,,,,,,,,,,,,,,,,,,,,,,,,,,,,,,,,,,,,,,,,,,,,,,,,,,,,,,,,,,,,,,,,,,,,,,,,,,,,,,
482,Jordan Henderson,18,England,MID,5.1,injured,1,1.0,1,0.6,,,1.0,,,,,150.0,0.0067,,,,England,Argentina,True,Argentina,2.7,2.85,2.87,0.507,2.05,0.4306,3.3,1.33,2.47,0.6756,0.4049,0.3333,1.75,2.55,1.35,0.6667,0.3244,0.0,0.0,1.0,0.0,6.0,0.0,0.0,0.0,0.0,0.0,0.0,1.0,0.0,0.0,0.0,0.0,0.0,0.0,,,,,,,,,,,,,,,,,,,,,,,,,,,,,,,,,,,,,0.0,6.0,0.0,0.0,0.0,0.0,0.0,0.0,1.0,0.0,0.0,0.0,1.0,0.0,0.0,0.0,0.0,0.0,,,,,,,,,,,,,,,,,,,,,,,,,,,,,,,,,,,,,,,,,,,,,,,,,,,,,,
485,Kobbie Mainoo,18,England,MID,6.1,playing,0,0.0,0,0.4,,,,,,Kobbie Mainoo,100.0,9.5,0.1053,19.5,0.0513,20.0,England,Argentina,True,Argentina,2.7,2.85,2.87,0.507,2.05,0.4306,3.3,1.33,2.47,0.6756,0.4049,0.3333,1.75,2.55,1.35,0.6667,0.3244,0.0,0.0,0.0,0.0,0.0,0.0,0.0,0.0,0.0,0.0,0.0,0.0,0.0,0.0,0.0,0.0,0.0,0.0,,,,,,,,,,,,,,,,,,,,,,,,,,,,,,,,,,,,,,,,,,,,,,,,,,,,,,,,,,,,,,,,,,,,,,,,,,,,,,,,,,,,,,,,,,,,,,,,,,,,,,,,,,,,
486,Elliot Anderson,18,England,MID,6.5,playing,21,3.5,6,2.6,7.0,4.0,3.0,2.0,,Elliot Anderson,100.0,10.25,0.0976,21.0,0.0476,22.0,England,Argentina,True,Argentina,2.7,2.85,2.87,0.507,2.05,0.4306,3.3,1.33,2.47,0.6756,0.4049,0.3333,1.75,2.55,1.35,0.6667,0.3244,0.0,1.0,2.0,6.0,533.0,0.0,0.0,1.0,1.0,1.0,0.0,16.0,0.0,0.0,0.0,0.0,0.0,0.0,0.0,90.0,1.0,0.0,0.0,0.0,0.0,0.0,0.0,0.0,2.0,0.0,2.0,1.0,0.0,0.0,0.0,1.0,0.0,74.0,0.0,0.0,0.0,0.0,0.0,0.0,1.0,0.0,0.0,0.0,3.0,0.0,0.0,0.0,0.0,0.0,0.0,84.0,0.0,0.0,0.0,0.0,0.0,0.0,1.0,0.0,0.0,0.0,2.0,0.0,1.0,0.0,0.0,0.0,0.0,90.0,0.0,0.0,0.0,0.0,0.0,0.0,0.0,0.0,1.0,0.0,2.0,0.0,0.0,0.0,0.0,0.0,0.0,75.0,0.0,0.0,0.0,0.0,0.0,0.0,0.0,0.0,2.0,0.0,5.0,0.0,0.0,0.0,0.0,0.0,0.0,120.0,0.0,0.0,0.0,0.0,0.0,0.0,0.0,0.0,1.0,0.0,2.0,0.0,0.0,0.0,0.0,0.0
488,Declan Rice,18,England,MID,7.0,playing,12,2.4,5,6.3,5.0,2.0,,3.0,,Declan Rice,100.0,8.75,0.1143,18.0,0.0556,18.5,England,Argentina,True,Argentina,2.7,2.85,2.87,0.507,2.05,0.4306,3.3,1.33,2.47,0.6756,0.4049,0.3333,1.75,2.55,1.35,0.6667,0.3244,0.0,1.0,1.0,6.0,386.0,2.0,0.0,1.0,0.0,3.0,0.0,2.0,0.0,0.0,0.0,0.0,0.0,0.0,0.0,72.0,1.0,0.0,0.0,0.0,0.0,0.0,0.0,0.0,2.0,0.0,0.0,1.0,1.0,0.0,0.0,0.0,0.0,90.0,0.0,1.0,0.0,0.0,0.0,0.0,1.0,0.0,0.0,0.0,2.0,0.0,0.0,0.0,0.0,0.0,,,,,,,,,,,,,,,,,,,0.0,89.0,0.0,0.0,0.0,0.0,0.0,0.0,0.0,0.0,1.0,0.0,0.0,2.0,0.0,0.0,0.0,0.0,0.0,90.0,0.0,1.0,0.0,0.0,0.0,0.0,0.0,0.0,2.0,0.0,0.0,0.0,0.0,0.0,0.0,0.0,0.0,45.0,0.0,0.0,0.0,0.0,0.0,0.0,0.0,0.0,1.0,0.0,0.0,0.0,0.0,0.0,0.0,0.0
491,Jude Bellingham,18,England,MID,8.3,playing,56,9.3,6,46.8,9.0,3.0,14.0,1.0,,Jude Bellingham,100.0,3.8,0.2632,7.6,0.1316,7.6,England,Argentina,True,Argentina,2.7,2.85,2.87,0.507,2.05,0.4306,3.3,1.33,2.47,0.6756,0.4049,0.3333,1.75,2.55,1.35,0.6667,0.3244,6.0,1.0,2.0,6.0,515.0,1.0,0.0,11.0,0.0,3.0,0.0,13.0,0.0,0.0,0.0,0.0,0.0,0.0,0.0,80.0,0.0,0.0,0.0,0.0,0.0,0.0,0.0,1.0,2.0,0.0,3.0,0.0,2.0,0.0,0.0,0.0,0.0,73.0,0.0,0.0,0.0,0.0,0.0,0.0,1.0,0.0,0.0,0.0,2.0,0.0,0.0,0.0,0.0,0.0,0.0,71.0,1.0,0.0,0.0,0.0,0.0,0.0,1.0,1.0,0.0,0.0,4.0,2.0,1.0,0.0,0.0,0.0,0.0,90.0,0.0,1.0,0.0,0.0,0.0,0.0,0.0,0.0,1.0,0.0,0.0,1.0,3.0,0.0,0.0,0.0,0.0,90.0,0.0,0.0,0.0,0.0,0.0,0.0,0.0,2.0,2.0,0.0,3.0,0.0,3.0,0.0,0.0,0.0,0.0,111.0,0.0,0.0,0.0,0.0,0.0,0.0,0.0,2.0,1.0,0.0,1.0,0.0,2.0,0.0,0.0,0.0
492,Theo Hernández,19,France,DEF,5.0,playing,4,1.3,3,2.5,2.0,,1.0,1.0,,Theo Hernández,100.0,9.5,0.1053,22.0,0.0455,23.0,France,Spain,True,Spain,2.5,3.05,3.15,0.5627,1.75,0.5042,2.72,1.23,2.1,0.7343,0.4762,0.3112,1.62,2.35,1.31,0.6888,0.2657,0.0,0.0,1.0,2.0,192.0,0.0,0.0,0.0,0.0,0.0,0.0,2.0,0.0,0.0,0.0,1.0,0.0,0.0,0.0,90.0,0.0,0.0,0.0,0.0,0.0,0.0,0.0,0.0,1.0,0.0,2.0,0.0,0.0,0.0,0.0,0.0,,,,,,,,,,,,,,,,,,,0.0,90.0,0.0,0.0,0.0,0.0,0.0,1.0,0.0,0.0,1.0,0.0,0.0,0.0,0.0,0.0,0.0,0.0,0.0,12.0,0.0,0.0,0.0,0.0,0.0,0.0,1.0,0.0,0.0,0.0,0.0,0.0,0.0,0.0,0.0,0.0,,,,,,,,,,,,,,,,,,,,,,,,,,,,,,,,,,,,
493,Maxence Lacroix,19,France,DEF,4.5,playing,2,2.0,1,0.4,,,2.0,,,Maxence Lacroix,100.0,14.0,0.0714,32.0,0.0312,35.0,France,Spain,True,Spain,2.5,3.05,3.15,0.5627,1.75,0.5042,2.72,1.23,2.1,0.7343,0.4762,0.3112,1.62,2.35,1.31,0.6888,0.2657,0.0,0.0,0.0,1.0,90.0,0.0,0.0,0.0,0.0,0.0,0.0,2.0,0.0,0.0,0.0,0.0,0.0,0.0,,,,,,,,,,,,,,,,,,,,,,,,,,,,,,,,,,,,,0.0,90.0,0.0,0.0,0.0,0.0,0.0,0.0,0.0,0.0,1.0,0.0,2.0,0.0,0.0,0.0,0.0,0.0,,,,,,,,,,,,,,,,,,,,,,,,,,,,,,,,,,,,,,,,,,,,,,,,,,,,,,
494,Dayot Upamecano,19,France,DEF,5.3,playing,34,5.7,6,18.6,2.0,9.0,2.0,7.0,,Dayot Upamecano,100.0,12.5,0.08,29.0,0.0345,30.0,France,Spain,True,Spain,2.5,3.05,3.15,0.5627,1.75,0.5042,2.72,1.23,2.1,0.7343,0.4762,0.3112,1.62,2.35,1.31,0.6888,0.2657,0.0,0.0,4.0,2.0,526.0,0.0,0.0,1.0,1.0,1.0,0.0,14.0,0.0,0.0,0.0,0.0,0.0,0.0,0.0,90.0,0.0,0.0,0.0,0.0,0.0,0.0,0.0,0.0,1.0,0.0,6.0,0.0,0.0,0.0,0.0,0.0,0.0,90.0,0.0,0.0,0.0,0.0,0.0,0.0,1.0,0.0,0.0,0.0,1.0,1.0,0.0,0.0,0.0,1.0,0.0,76.0,0.0,0.0,0.0,0.0,0.0,0.0,0.0,0.0,1.0,0.0,0.0,0.0,0.0,0.0,0.0,0.0,0.0,90.0,0.0,0.0,0.0,0.0,0.0,0.0,1.0,0.0,0.0,0.0,0.0,0.0,0.0,0.0,0.0,0.0,0.0,90.0,0.0,0.0,0.0,0.0,0.0,0.0,1.0,0.0,0.0,0.0,4.0,0.0,0.0,0.0,0.0,0.0,0.0,90.0,0.0,0.0,0.0,0.0,0.0,0.0,1.0,0.0,0.0,0.0,3.0,0.0,1.0,0.0,0.0,0.0
495,Ibrahima Konaté,19,France,DEF,4.9,playing,1,1.0,1,1.6,,,1.0,,,Ibrahima Konaté,100.0,18.0,0.0556,45.0,0.0222,45.0,France,Spain,True,Spain,2.5,3.05,3.15,0.5627,1.75,0.5042,2.72,1.23,2.1,0.7343,0.4762,0.3112,1.62,2.35,1.31,0.6888,0.2657,0.0,0.0,1.0,0.0,14.0,0.0,0.0,0.0,0.0,0.0,0.0,0.0,0.0,0.0,0.0,0.0,0.0,0.0,,,,,,,,,,,,,,,,,,,,,,,,,,,,,,,,,,,,,0.0,14.0,0.0,0.0,0.0,0.0,0.0,0.0,1.0,0.0,0.0,0.0,0.0,0.0,0.0,0.0,0.0,0.0,,,,,,,,,,,,,,,,,,,,,,,,,,,,,,,,,,,,,,,,,,,,,,,,,,,,,,
496,Lucas Hernández,19,France,DEF,5.2,playing,0,0.0,0,1.4,,,,,,Lucas Hernández,100.0,14.0,0.0714,32.0,0.0312,35.0,France,Spain,True,Spain,2.5,3.05,3.15,0.5627,1.75,0.5042,2.72,1.23,2.1,0.7343,0.4762,0.3112,1.62,2.35,1.31,0.6888,0.2657,0.0,0.0,0.0,0.0,0.0,0.0,0.0,0.0,0.0,0.0,0.0,0.0,0.0,0.0,0.0,0.0,0.0,0.0,,,,,,,,,,,,,,,,,,,,,,,,,,,,,,,,,,,,,,,,,,,,,,,,,,,,,,,,,,,,,,,,,,,,,,,,,,,,,,,,,,,,,,,,,,,,,,,,,,,,,,,,,,,,
498,Lucas Digne,19,France,DEF,5.0,playing,34,8.5,4,12.5,,9.0,,9.0,,Lucas Digne,100.0,14.0,0.0714,32.0,0.0312,35.0,France,Spain,True,Spain,2.5,3.05,3.15,0.5627,1.75,0.5042,2.72,1.23,2.1,0.7343,0.4762,0.3112,1.62,2.35,1.31,0.6888,0.2657,0.0,0.0,4.0,0.0,348.0,0.0,0.0,1.0,3.0,0.0,0.0,5.0,0.0,0.0,0.0,0.0,0.0,0.0,,,,,,,,,,,,,,,,,,,0.0,90.0,0.0,0.0,0.0,0.0,0.0,0.0,1.0,0.0,0.0,0.0,0.0,0.0,0.0,0.0,0.0,1.0,,,,,,,,,,,,,,,,,,,0.0,78.0,0.0,0.0,0.0,0.0,0.0,0.0,1.0,0.0,0.0,0.0,1.0,0.0,1.0,0.0,0.0,1.0,0.0,90.0,0.0,0.0,0.0,0.0,0.0,0.0,1.0,0.0,0.0,0.0,3.0,0.0,0.0,0.0,0.0,1.0,0.0,90.0,0.0,0.0,0.0,0.0,0.0,0.0,1.0,0.0,0.0,0.0,1.0,0.0,0.0,0.0,0.0,0.0
499,Malo Gusto,19,France,DEF,5.1,playing,4,1.0,4,0.4,,1.0,1.0,1.0,,Malo Gusto,100.0,14.0,0.0714,32.0,0.0312,35.0,France,Spain,True,Spain,2.5,3.05,3.15,0.5627,1.75,0.5042,2.72,1.23,2.1,0.7343,0.4762,0.3112,1.62,2.35,1.31,0.6888,0.2657,0.0,0.0,4.0,0.0,28.0,0.0,0.0,0.0,0.0,0.0,0.0,2.0,0.0,0.0,0.0,0.0,0.0,0.0,,,,,,,,,,,,,,,,,,,0.0,7.0,0.0,0.0,0.0,0.0,0.0,0.0,1.0,0.0,0.0,0.0,0.0,0.0,0.0,0.0,0.0,0.0,0.0,3.0,0.0,0.0,0.0,0.0,0.0,0.0,1.0,0.0,0.0,0.0,0.0,0.0,0.0,0.0,0.0,0.0,0.0,15.0,0.0,0.0,0.0,0.0,0.0,0.0,1.0,0.0,0.0,0.0,1.0,0.0,0.0,0.0,0.0,0.0,,,,,,,,,,,,,,,,,,,0.0,3.0,0.0,0.0,0.0,0.0,0.0,0.0,1.0,0.0,0.0,0.0,1.0,0.0,0.0,0.0,0.0,0.0
500,Kylian Mbappé,19,France,FWD,10.5,playing,72,12.0,6,71.8,14.0,13.0,9.0,14.0,,Kylian Mbappe,100.0,2.02,0.495,4.0,0.25,4.0,France,Spain,True,Spain,2.5,3.05,3.15,0.5627,1.75,0.5042,2.72,1.23,2.1,0.7343,0.4762,0.3112,1.62,2.35,1.31,0.6888,0.2657,8.0,3.0,4.0,2.0,518.0,0.0,0.0,19.0,0.0,1.0,0.0,1.0,0.0,0.0,0.0,0.0,1.0,0.0,0.0,90.0,0.0,0.0,0.0,0.0,0.0,0.0,0.0,2.0,1.0,0.0,0.0,0.0,4.0,0.0,0.0,0.0,0.0,89.0,0.0,0.0,0.0,0.0,0.0,0.0,1.0,2.0,0.0,0.0,1.0,0.0,3.0,0.0,0.0,0.0,0.0,87.0,2.0,0.0,0.0,0.0,0.0,0.0,0.0,0.0,1.0,0.0,0.0,0.0,2.0,0.0,0.0,0.0,0.0,85.0,0.0,0.0,0.0,0.0,0.0,0.0,1.0,2.0,0.0,0.0,0.0,1.0,4.0,0.0,0.0,0.0,0.0,90.0,0.0,0.0,0.0,0.0,0.0,0.0,1.0,1.0,0.0,0.0,0.0,0.0,4.0,0.0,0.0,0.0,0.0,77.0,1.0,0.0,0.0,0.0,1.0,0.0,1.0,1.0,0.0,0.0,0.0,0.0,2.0,0.0,0.0,0.0
501,Ousmane Dembélé,19,France,MID,10.0,playing,54,9.0,6,47.3,3.0,12.0,20.0,6.0,,Ousmane Dembélé,100.0,3.45,0.2899,7.6,0.1316,7.6,France,Spain,True,Spain,2.5,3.05,3.15,0.5627,1.75,0.5042,2.72,1.23,2.1,0.7343,0.4762,0.3112,1.62,2.35,1.31,0.6888,0.2657,5.0,2.0,5.0,1.0,462.0,0.0,0.0,6.0,0.0,3.0,0.0,3.0,0.0,0.0,0.0,0.0,0.0,0.0,0.0,80.0,0.0,0.0,0.0,0.0,0.0,0.0,1.0,0.0,0.0,0.0,1.0,0.0,0.0,0.0,0.0,0.0,0.0,68.0,1.0,0.0,0.0,0.0,0.0,0.0,1.0,1.0,0.0,0.0,1.0,1.0,2.0,0.0,0.0,0.0,0.0,65.0,0.0,0.0,0.0,0.0,0.0,0.0,0.0,3.0,1.0,0.0,0.0,0.0,3.0,0.0,0.0,0.0,0.0,75.0,1.0,0.0,0.0,0.0,0.0,0.0,1.0,0.0,0.0,0.0,1.0,0.0,0.0,0.0,0.0,0.0,0.0,84.0,0.0,0.0,0.0,0.0,0.0,0.0,1.0,0.0,0.0,0.0,0.0,0.0,0.0,0.0,0.0,0.0,0.0,90.0,0.0,0.0,0.0,0.0,0.0,0.0,1.0,1.0,0.0,0.0,0.0,2.0,1.0,0.0,0.0,0.0
502,Marcus Thuram,19,France,FWD,7.5,playing,1,1.0,1,0.4,,1.0,,,,Marcus Thuram,100.0,3.35,0.2985,7.3,0.137,7.3,France,Spain,True,Spain,2.5,3.05,3.15,0.5627,1.75,0.5042,2.72,1.23,2.1,0.7343,0.4762,0.3112,1.62,2.35,1.31,0.6888,0.2657,0.0,0.0,1.0,0.0,1.0,0.0,0.0,0.0,0.0,0.0,0.0,0.0,0.0,0.0,0.0,0.0,0.0,0.0,,,,,,,,,,,,,,,,,,,0.0,1.0,0.0,0.0,0.0,0.0,0.0,0.0,1.0,0.0,0.0,0.0,0.0,0.0,0.0,0.0,0.0,0.0,,,,,,,,,,,,,,,,,,,,,,,,,,,,,,,,,,,,,,,,,,,,,,,,,,,,,,,,,,,,,,,,,,,,,,,,
505,Désiré Doué,19,France,MID,7.5,playing,26,4.3,6,6.9,3.0,1.0,10.0,1.0,,Désiré Doué,100.0,4.25,0.2353,9.5,0.1053,9.5,France,Spain,True,Spain,2.5,3.05,3.15,0.5627,1.75,0.5042,2.72,1.23,2.1,0.7343,0.4762,0.3112,1.62,2.35,1.31,0.6888,0.2657,1.0,1.0,5.0,1.0,320.0,0.0,0.0,7.0,2.0,1.0,0.0,6.0,0.0,0.0,0.0,0.0,1.0,0.0,0.0,87.0,0.0,0.0,0.0,0.0,0.0,0.0,1.0,0.0,0.0,0.0,0.0,0.0,1.0,0.0,0.0,0.0,0.0,22.0,0.0,0.0,0.0,0.0,0.0,0.0,1.0,0.0,0.0,0.0,0.0,0.0,0.0,0.0,0.0,0.0,0.0,90.0,0.0,0.0,0.0,0.0,0.0,0.0,0.0,1.0,1.0,0.0,2.0,0.0,3.0,0.0,0.0,1.0,0.0,15.0,0.0,0.0,0.0,0.0,0.0,0.0,1.0,0.0,0.0,0.0,1.0,1.0,1.0,0.0,0.0,0.0,0.0,29.0,0.0,0.0,0.0,0.0,1.0,0.0,1.0,0.0,0.0,0.0,1.0,0.0,0.0,0.0,0.0,0.0,0.0,77.0,1.0,0.0,0.0,0.0,0.0,0.0,1.0,0.0,0.0,0.0,2.0,0.0,2.0,0.0,0.0,1.0
506,Mike Maignan,19,France,GK,5.0,playing,37,6.2,6,24.8,2.0,7.0,6.0,8.0,,,,150.0,0.0067,,,,France,Spain,True,Spain,2.5,3.05,3.15,0.5627,1.75,0.5042,2.72,1.23,2.1,0.7343,0.4762,0.3112,1.62,2.35,1.31,0.6888,0.2657,0.0,0.0,4.0,2.0,540.0,0.0,0.0,0.0,0.0,0.0,1.0,0.0,9.0,0.0,0.0,0.0,0.0,0.0,0.0,90.0,0.0,0.0,0.0,0.0,0.0,0.0,0.0,0.0,1.0,0.0,0.0,0.0,0.0,0.0,2.0,0.0,0.0,90.0,0.0,0.0,0.0,0.0,0.0,0.0,1.0,0.0,0.0,0.0,0.0,0.0,0.0,0.0,0.0,0.0,0.0,90.0,0.0,0.0,0.0,0.0,0.0,0.0,0.0,0.0,1.0,1.0,0.0,0.0,0.0,0.0,3.0,0.0,0.0,90.0,0.0,0.0,0.0,0.0,0.0,0.0,1.0,0.0,0.0,0.0,0.0,0.0,0.0,0.0,3.0,0.0,0.0,90.0,0.0,0.0,0.0,0.0,0.0,0.0,1.0,0.0,0.0,0.0,0.0,0.0,0.0,0.0,0.0,0.0,0.0,90.0,0.0,0.0,0.0,0.0,0.0,0.0,1.0,0.0,0.0,0.0,0.0,0.0,0.0,0.0,1.0,0.0
508,Brice Samba,19,France,GK,4.5,playing,0,0.0,0,0.2,,,,,,,,150.0,0.0067,,,,France,Spain,True,Spain,2.5,3.05,3.15,0.5627,1.75,0.5042,2.72,1.23,2.1,0.7343,0.4762,0.3112,1.62,2.35,1.31,0.6888,0.2657,0.0,0.0,0.0,0.0,0.0,0.0,0.0,0.0,0.0,0.0,0.0,0.0,0.0,0.0,0.0,0.0,0.0,0.0,,,,,,,,,,,,,,,,,,,,,,,,,,,,,,,,,,,,,,,,,,,,,,,,,,,,,,,,,,,,,,,,,,,,,,,,,,,,,,,,,,,,,,,,,,,,,,,,,,,,,,,,,,,,
509,N'Golo Kanté,19,France,MID,5.1,playing,0,0.0,0,2.1,,,,,,N'Golo Kanté,100.0,8.5,0.1176,19.5,0.0513,20.0,France,Spain,True,Spain,2.5,3.05,3.15,0.5627,1.75,0.5042,2.72,1.23,2.1,0.7343,0.4762,0.3112,1.62,2.35,1.31,0.6888,0.2657,0.0,0.0,0.0,0.0,0.0,0.0,0.0,0.0,0.0,0.0,0.0,0.0,0.0,0.0,0.0,0.0,0.0,0.0,,,,,,,,,,,,,,,,,,,,,,,,,,,,,,,,,,,,,,,,,,,,,,,,,,,,,,,,,,,,,,,,,,,,,,,,,,,,,,,,,,,,,,,,,,,,,,,,,,,,,,,,,,,,
510,Adrien Rabiot,19,France,MID,6.4,playing,19,3.8,5,1.7,7.0,3.0,,3.0,,Adrien Rabiot,100.0,7.6,0.1316,17.5,0.0571,18.0,France,Spain,True,Spain,2.5,3.05,3.15,0.5627,1.75,0.5042,2.72,1.23,2.1,0.7343,0.4762,0.3112,1.62,2.35,1.31,0.6888,0.2657,0.0,1.0,4.0,1.0,450.0,0.0,0.0,1.0,1.0,1.0,0.0,3.0,0.0,0.0,0.0,0.0,0.0,0.0,0.0,90.0,1.0,0.0,0.0,0.0,0.0,0.0,0.0,0.0,1.0,0.0,0.0,1.0,0.0,0.0,0.0,1.0,0.0,90.0,0.0,0.0,0.0,0.0,0.0,0.0,1.0,0.0,0.0,0.0,1.0,0.0,0.0,0.0,0.0,0.0,,,,,,,,,,,,,,,,,,,0.0,90.0,0.0,0.0,0.0,0.0,0.0,0.0,1.0,0.0,0.0,0.0,1.0,0.0,1.0,0.0,0.0,0.0,0.0,90.0,0.0,0.0,0.0,0.0,0.0,0.0,1.0,0.0,0.0,0.0,0.0,0.0,0.0,0.0,0.0,0.0,0.0,90.0,0.0,0.0,0.0,0.0,0.0,0.0,1.0,0.0,0.0,0.0,1.0,0.0,0.0,0.0,0.0,0.0
511,Warren Zaïre-Emery,19,France,MID,6.1,playing,1,1.0,1,0.2,,,,,,Warren Zaïre-Emery,100.0,8.5,0.1176,19.5,0.0513,20.0,France,Spain,True,Spain,2.5,3.05,3.15,0.5627,1.75,0.5042,2.72,1.23,2.1,0.7343,0.4762,0.3112,1.62,2.35,1.31,0.6888,0.2657,0.0,0.0,1.0,0.0,19.0,0.0,0.0,0.0,0.0,0.0,0.0,0.0,0.0,0.0,0.0,0.0,0.0,0.0,,,,,,,,,,,,,,,,,,,,,,,,,,,,,,,,,,,,,,,,,,,,,,,,,,,,,,,,,,,,,,,,,,,,,,,,,,,,,,,,,,,,,,,,,,,0.0,19.0,0.0,0.0,0.0,0.0,0.0,0.0,1.0,0.0,0.0,0.0,0.0,0.0,0.0,0.0,0.0,0.0
512,Manu Koné,19,France,MID,6.1,playing,11,2.8,4,0.7,,4.0,2.0,,,Manu Kone,100.0,9.5,0.1053,22.0,0.0455,23.0,France,Spain,True,Spain,2.5,3.05,3.15,0.5627,1.75,0.5042,2.72,1.23,2.1,0.7343,0.4762,0.3112,1.62,2.35,1.31,0.6888,0.2657,0.0,0.0,3.0,1.0,341.0,1.0,0.0,2.0,0.0,0.0,0.0,8.0,0.0,0.0,0.0,0.0,0.0,0.0,,,,,,,,,,,,,,,,,,,0.0,90.0,0.0,0.0,0.0,0.0,0.0,0.0,1.0,0.0,0.0,0.0,3.0,0.0,0.0,0.0,0.0,0.0,0.0,90.0,0.0,0.0,0.0,0.0,0.0,0.0,0.0,0.0,1.0,0.0,2.0,0.0,1.0,0.0,0.0,0.0,,,,,,,,,,,,,,,,,,,0.0,90.0,0.0,1.0,0.0,0.0,0.0,0.0,1.0,0.0,0.0,0.0,2.0,0.0,1.0,0.0,0.0,0.0,0.0,71.0,0.0,0.0,0.0,0.0,0.0,0.0,1.0,0.0,0.0,0.0,1.0,0.0,0.0,0.0,0.0,0.0
514,Maghnes Akliouche,19,France,MID,6.4,playing,1,1.0,1,0.0,,1.0,,,,Maghnes Akliouche,100.0,5.1,0.1961,11.5,0.087,11.75,France,Spain,True,Spain,2.5,3.05,3.15,0.5627,1.75,0.5042,2.72,1.23,2.1,0.7343,0.4762,0.3112,1.62,2.35,1.31,0.6888,0.2657,0.0,0.0,1.0,0.0,7.0,0.0,0.0,0.0,0.0,0.0,0.0,1.0,0.0,0.0,0.0,0.0,0.0,0.0,,,,,,,,,,,,,,,,,,,0.0,7.0,0.0,0.0,0.0,0.0,0.0,0.0,1.0,0.0,0.0,0.0,1.0,0.0,0.0,0.0,0.0,0.0,,,,,,,,,,,,,,,,,,,,,,,,,,,,,,,,,,,,,,,,,,,,,,,,,,,,,,,,,,,,,,,,,,,,,,,,
515,Aurélien Tchouaméni,19,France,MID,6.5,playing,15,5.0,3,1.0,3.0,,8.0,4.0,,,,150.0,0.0067,,,,France,Spain,True,Spain,2.5,3.05,3.15,0.5627,1.75,0.5042,2.72,1.23,2.1,0.7343,0.4762,0.3112,1.62,2.35,1.31,0.6888,0.2657,0.0,1.0,1.0,2.0,270.0,1.0,0.0,0.0,1.0,0.0,0.0,14.0,0.0,0.0,0.0,0.0,0.0,0.0,0.0,90.0,0.0,0.0,0.0,0.0,0.0,0.0,0.0,0.0,1.0,0.0,3.0,0.0,0.0,0.0,0.0,0.0,,,,,,,,,,,,,,,,,,,0.0,90.0,1.0,1.0,0.0,0.0,0.0,0.0,0.0,0.0,1.0,0.0,8.0,0.0,0.0,0.0,0.0,1.0,0.0,90.0,0.0,0.0,0.0,0.0,0.0,0.0,1.0,0.0,0.0,0.0,3.0,0.0,0.0,0.0,0.0,0.0,,,,,,,,,,,,,,,,,,,,,,,,,,,,,,,,,,,,
516,Rayan Cherki,19,France,MID,8.0,playing,5,1.0,5,3.9,1.0,1.0,1.0,1.0,,Rayan Cherki,100.0,4.25,0.2353,9.5,0.1053,9.5,France,Spain,True,Spain,2.5,3.05,3.15,0.5627,1.75,0.5042,2.72,1.23,2.1,0.7343,0.4762,0.3112,1.62,2.35,1.31,0.6888,0.2657,0.0,0.0,4.0,1.0,61.0,0.0,0.0,0.0,0.0,1.0,0.0,1.0,0.0,0.0,0.0,0.0,0.0,0.0,0.0,3.0,0.0,0.0,0.0,0.0,0.0,0.0,0.0,0.0,1.0,0.0,0.0,0.0,0.0,0.0,0.0,0.0,0.0,22.0,0.0,0.0,0.0,0.0,0.0,0.0,1.0,0.0,0.0,0.0,1.0,1.0,0.0,0.0,0.0,0.0,0.0,25.0,0.0,0.0,0.0,0.0,0.0,0.0,1.0,0.0,0.0,0.0,0.0,0.0,0.0,0.0,0.0,0.0,0.0,5.0,0.0,0.0,0.0,0.0,0.0,0.0,1.0,0.0,0.0,0.0,0.0,0.0,0.0,0.0,0.0,0.0,0.0,6.0,0.0,0.0,0.0,0.0,0.0,0.0,1.0,0.0,0.0,0.0,0.0,0.0,0.0,0.0,0.0,0.0,,,,,,,,,,,,,,,,,,
517,Michael Olise,19,France,MID,9.5,playing,32,5.3,6,49.3,6.0,9.0,2.0,10.0,,Michael Olise,100.0,4.25,0.2353,9.5,0.1053,9.5,France,Spain,True,Spain,2.5,3.05,3.15,0.5627,1.75,0.5042,2.72,1.23,2.1,0.7343,0.4762,0.3112,1.62,2.35,1.31,0.6888,0.2657,0.0,5.0,4.0,2.0,488.0,1.0,0.0,5.0,0.0,5.0,0.0,7.0,0.0,0.0,0.0,0.0,0.0,0.0,0.0,90.0,1.0,0.0,0.0,0.0,0.0,0.0,0.0,0.0,1.0,0.0,2.0,2.0,2.0,0.0,0.0,0.0,0.0,68.0,2.0,0.0,0.0,0.0,0.0,0.0,1.0,0.0,0.0,0.0,1.0,1.0,0.0,0.0,0.0,0.0,0.0,65.0,0.0,0.0,0.0,0.0,0.0,0.0,0.0,0.0,1.0,0.0,0.0,0.0,0.0,0.0,0.0,0.0,0.0,85.0,2.0,0.0,0.0,0.0,0.0,0.0,1.0,0.0,0.0,0.0,1.0,2.0,3.0,0.0,0.0,0.0,0.0,90.0,0.0,1.0,0.0,0.0,0.0,0.0,1.0,0.0,0.0,0.0,1.0,0.0,0.0,0.0,0.0,0.0,0.0,90.0,0.0,0.0,0.0,0.0,0.0,0.0,1.0,0.0,0.0,0.0,2.0,0.0,0.0,0.0,0.0,0.0
1081,Yéremy Pino,41,Spain,MID,5.9,playing,2,1.0,2,0.1,,1.0,1.0,,,Yeremy Pino,100.0,5.2,0.1923,11.5,0.087,11.75,France,Spain,False,France,2.5,3.05,3.15,0.5627,1.75,0.5042,2.72,1.31,2.37,0.6888,0.4219,0.2657,1.98,2.92,1.23,0.7343,0.3112,0.0,0.0,2.0,0.0,69.0,0.0,0.0,0.0,0.0,0.0,0.0,0.0,0.0,0.0,0.0,0.0,0.0,0.0,,,,,,,,,,,,,,,,,,,0.0,45.0,0.0,0.0,0.0,0.0,0.0,0.0,1.0,0.0,0.0,0.0,0.0,0.0,0.0,0.0,0.0,0.0,0.0,24.0,0.0,0.0,0.0,0.0,0.0,0.0,1.0,0.0,0.0,0.0,0.0,0.0,0.0,0.0,0.0,0.0,,,,,,,,,,,,,,,,,,,,,,,,,,,,,,,,,,,,,,,,,,,,,,,,,,,,,,
1082,Álex Baena,41,Spain,MID,6.0,playing,26,5.2,5,10.7,,3.0,10.0,8.0,,Álex Baena,100.0,5.5,0.1818,12.5,0.08,12.5,France,Spain,False,France,2.5,3.05,3.15,0.5627,1.75,0.5042,2.72,1.31,2.37,0.6888,0.4219,0.2657,1.98,2.92,1.23,0.7343,0.3112,1.0,1.0,4.0,1.0,328.0,1.0,0.0,4.0,2.0,1.0,0.0,7.0,0.0,0.0,0.0,0.0,0.0,0.0,,,,,,,,,,,,,,,,,,,0.0,61.0,0.0,0.0,0.0,0.0,0.0,0.0,1.0,0.0,0.0,0.0,0.0,0.0,0.0,0.0,0.0,0.0,0.0,66.0,0.0,1.0,0.0,0.0,0.0,0.0,1.0,1.0,0.0,0.0,2.0,0.0,1.0,0.0,0.0,1.0,0.0,71.0,1.0,0.0,0.0,0.0,0.0,0.0,1.0,0.0,0.0,0.0,0.0,1.0,1.0,0.0,0.0,1.0,0.0,75.0,0.0,0.0,0.0,0.0,0.0,0.0,1.0,0.0,0.0,0.0,4.0,0.0,2.0,0.0,0.0,0.0,0.0,55.0,0.0,0.0,0.0,0.0,0.0,0.0,0.0,0.0,1.0,0.0,1.0,0.0,0.0,0.0,0.0,0.0
1084,Martín Zubimendi,41,Spain,MID,6.1,playing,0,0.0,0,0.3,,,,,,Martin Zubimendi,100.0,7.9,0.1266,18.0,0.0556,18.0,France,Spain,False,France,2.5,3.05,3.15,0.5627,1.75,0.5042,2.72,1.31,2.37,0.6888,0.4219,0.2657,1.98,2.92,1.23,0.7343,0.3112,0.0,0.0,0.0,0.0,0.0,0.0,0.0,0.0,0.0,0.0,0.0,0.0,0.0,0.0,0.0,0.0,0.0,0.0,,,,,,,,,,,,,,,,,,,,,,,,,,,,,,,,,,,,,,,,,,,,,,,,,,,,,,,,,,,,,,,,,,,,,,,,,,,,,,,,,,,,,,,,,,,,,,,,,,,,,,,,,,,,
1085,Pedro Porro,41,Spain,DEF,5.5,playing,34,8.5,4,11.0,,7.0,,16.0,,Pedro Porro,100.0,10.5,0.0952,24.0,0.0417,24.0,France,Spain,False,France,2.5,3.05,3.15,0.5627,1.75,0.5042,2.72,1.31,2.37,0.6888,0.4219,0.2657,1.98,2.92,1.23,0.7343,0.3112,1.0,0.0,3.0,1.0,360.0,0.0,0.0,2.0,2.0,0.0,0.0,10.0,0.0,0.0,0.0,0.0,0.0,0.0,,,,,,,,,,,,,,,,,,,0.0,90.0,0.0,0.0,0.0,0.0,0.0,0.0,1.0,0.0,0.0,0.0,3.0,0.0,1.0,0.0,0.0,0.0,,,,,,,,,,,,,,,,,,,0.0,90.0,0.0,0.0,0.0,0.0,0.0,0.0,1.0,1.0,0.0,0.0,1.0,0.0,1.0,0.0,0.0,1.0,0.0,90.0,0.0,0.0,0.0,0.0,0.0,0.0,1.0,0.0,0.0,0.0,4.0,0.0,0.0,0.0,0.0,1.0,0.0,90.0,0.0,0.0,0.0,0.0,0.0,0.0,0.0,0.0,1.0,0.0,2.0,0.0,0.0,0.0,0.0,0.0
1086,Aymeric Laporte,41,Spain,DEF,5.5,playing,43,7.2,6,19.6,9.0,12.0,7.0,7.0,,Aymeric Laporte,100.0,13.0,0.0769,30.0,0.0333,32.0,France,Spain,False,France,2.5,3.05,3.15,0.5627,1.75,0.5042,2.72,1.31,2.37,0.6888,0.4219,0.2657,1.98,2.92,1.23,0.7343,0.3112,0.0,1.0,5.0,1.0,539.0,1.0,0.0,1.0,2.0,1.0,0.0,5.0,0.0,0.0,0.0,0.0,0.0,0.0,0.0,90.0,0.0,0.0,0.0,0.0,0.0,0.0,1.0,0.0,0.0,0.0,0.0,0.0,1.0,0.0,0.0,1.0,0.0,90.0,1.0,0.0,0.0,0.0,0.0,0.0,1.0,0.0,0.0,0.0,1.0,1.0,0.0,0.0,0.0,1.0,0.0,90.0,0.0,0.0,0.0,0.0,0.0,0.0,1.0,0.0,0.0,0.0,0.0,0.0,0.0,0.0,0.0,0.0,0.0,89.0,0.0,0.0,0.0,0.0,0.0,0.0,1.0,0.0,0.0,0.0,3.0,0.0,0.0,0.0,0.0,0.0,0.0,90.0,0.0,0.0,0.0,0.0,0.0,0.0,1.0,0.0,0.0,0.0,0.0,0.0,0.0,0.0,0.0,0.0,0.0,90.0,0.0,1.0,0.0,0.0,0.0,0.0,0.0,0.0,1.0,0.0,1.0,0.0,0.0,0.0,0.0,0.0
1087,Alejandro Grimaldo,41,Spain,DEF,4.9,playing,0,0.0,0,0.8,,,,,,Álex Grimaldo,100.0,9.75,0.1026,22.0,0.0455,23.0,France,Spain,False,France,2.5,3.05,3.15,0.5627,1.75,0.5042,2.72,1.31,2.37,0.6888,0.4219,0.2657,1.98,2.92,1.23,0.7343,0.3112,0.0,0.0,0.0,0.0,0.0,0.0,0.0,0.0,0.0,0.0,0.0,0.0,0.0,0.0,0.0,0.0,0.0,0.0,,,,,,,,,,,,,,,,,,,,,,,,,,,,,,,,,,,,,,,,,,,,,,,,,,,,,,,,,,,,,,,,,,,,,,,,,,,,,,,,,,,,,,,,,,,,,,,,,,,,,,,,,,,,
1088,Marc Cucurella,41,Spain,DEF,5.1,playing,46,7.7,6,50.1,7.0,10.0,7.0,13.0,,Marc Cucurella,100.0,11.75,0.0851,27.0,0.037,28.0,France,Spain,False,France,2.5,3.05,3.15,0.5627,1.75,0.5042,2.72,1.31,2.37,0.6888,0.4219,0.2657,1.98,2.92,1.23,0.7343,0.3112,0.0,3.0,5.0,1.0,540.0,0.0,0.0,3.0,0.0,3.0,0.0,3.0,0.0,0.0,0.0,0.0,0.0,0.0,0.0,90.0,0.0,0.0,0.0,0.0,0.0,0.0,1.0,0.0,0.0,0.0,1.0,1.0,1.0,0.0,0.0,0.0,0.0,90.0,1.0,0.0,0.0,0.0,0.0,0.0,1.0,0.0,0.0,0.0,0.0,0.0,1.0,0.0,0.0,0.0,0.0,90.0,0.0,0.0,0.0,0.0,0.0,0.0,1.0,0.0,0.0,0.0,1.0,0.0,0.0,0.0,0.0,0.0,0.0,90.0,2.0,0.0,0.0,0.0,0.0,0.0,1.0,0.0,0.0,0.0,0.0,2.0,0.0,0.0,0.0,0.0,0.0,90.0,0.0,0.0,0.0,0.0,0.0,0.0,1.0,0.0,0.0,0.0,0.0,0.0,0.0,0.0,0.0,0.0,0.0,90.0,0.0,0.0,0.0,0.0,0.0,0.0,0.0,0.0,1.0,0.0,1.0,0.0,1.0,0.0,0.0,0.0
1089,Pau Cubarsí,41,Spain,DEF,5.0,playing,39,6.5,6,16.7,7.0,7.0,7.0,7.0,,Pau Cubarsi,100.0,17.0,0.0588,40.0,0.025,40.0,France,Spain,False,France,2.5,3.05,3.15,0.5627,1.75,0.5042,2.72,1.31,2.37,0.6888,0.4219,0.2657,1.98,2.92,1.23,0.7343,0.3112,0.0,1.0,5.0,1.0,540.0,1.0,0.0,1.0,0.0,0.0,0.0,3.0,0.0,0.0,0.0,0.0,0.0,0.0,0.0,90.0,0.0,0.0,0.0,0.0,0.0,0.0,1.0,0.0,0.0,0.0,0.0,0.0,0.0,0.0,0.0,0.0,0.0,90.0,0.0,0.0,0.0,0.0,0.0,0.0,1.0,0.0,0.0,0.0,0.0,0.0,0.0,0.0,0.0,0.0,0.0,90.0,0.0,0.0,0.0,0.0,0.0,0.0,1.0,0.0,0.0,0.0,0.0,0.0,0.0,0.0,0.0,0.0,0.0,90.0,0.0,0.0,0.0,0.0,0.0,0.0,1.0,0.0,0.0,0.0,2.0,0.0,0.0,0.0,0.0,0.0,0.0,90.0,0.0,0.0,0.0,0.0,0.0,0.0,1.0,0.0,0.0,0.0,0.0,0.0,0.0,0.0,0.0,0.0,0.0,90.0,1.0,1.0,0.0,0.0,0.0,0.0,0.0,0.0,1.0,0.0,1.0,0.0,1.0,0.0,0.0,0.0
1092,Lamine Yamal,41,Spain,MID,10.0,playing,20,3.3,6,37.4,1.0,7.0,3.0,3.0,,Lamine Yamal,100.0,3.35,0.2985,7.1,0.1408,7.1,France,Spain,False,France,2.5,3.05,3.15,0.5627,1.75,0.5042,2.72,1.31,2.37,0.6888,0.4219,0.2657,1.98,2.92,1.23,0.7343,0.3112,1.0,0.0,5.0,1.0,405.0,0.0,0.0,10.0,0.0,0.0,0.0,8.0,0.0,0.0,0.0,0.0,0.0,0.0,0.0,19.0,0.0,0.0,0.0,0.0,0.0,0.0,1.0,0.0,0.0,0.0,0.0,0.0,0.0,0.0,0.0,0.0,0.0,45.0,0.0,0.0,0.0,0.0,0.0,0.0,1.0,1.0,0.0,0.0,1.0,0.0,2.0,0.0,0.0,0.0,0.0,76.0,0.0,0.0,0.0,0.0,0.0,0.0,1.0,0.0,0.0,0.0,1.0,0.0,0.0,0.0,0.0,0.0,0.0,85.0,0.0,0.0,0.0,0.0,0.0,0.0,1.0,0.0,0.0,0.0,0.0,0.0,4.0,0.0,0.0,0.0,0.0,90.0,0.0,0.0,0.0,0.0,0.0,0.0,1.0,0.0,0.0,0.0,5.0,0.0,2.0,0.0,0.0,0.0,0.0,90.0,0.0,0.0,0.0,0.0,0.0,0.0,0.0,0.0,1.0,0.0,1.0,0.0,2.0,0.0,0.0,0.0
1093,Ferran Torres,41,Spain,FWD,7.8,playing,9,1.5,6,2.1,2.0,1.0,1.0,1.0,,Ferran Torres,100.0,3.45,0.2899,7.3,0.137,7.4,France,Spain,False,France,2.5,3.05,3.15,0.5627,1.75,0.5042,2.72,1.31,2.37,0.6888,0.4219,0.2657,1.98,2.92,1.23,0.7343,0.3112,0.0,1.0,6.0,0.0,209.0,1.0,0.0,2.0,0.0,1.0,0.0,0.0,0.0,0.0,0.0,0.0,0.0,0.0,0.0,81.0,0.0,0.0,0.0,0.0,0.0,0.0,1.0,0.0,0.0,0.0,0.0,0.0,1.0,0.0,0.0,0.0,0.0,45.0,0.0,0.0,0.0,0.0,0.0,0.0,1.0,0.0,0.0,0.0,0.0,0.0,1.0,0.0,0.0,0.0,0.0,14.0,0.0,0.0,0.0,0.0,0.0,0.0,1.0,0.0,0.0,0.0,0.0,0.0,0.0,0.0,0.0,0.0,0.0,19.0,0.0,0.0,0.0,0.0,0.0,0.0,1.0,0.0,0.0,0.0,0.0,0.0,0.0,0.0,0.0,0.0,0.0,15.0,1.0,1.0,0.0,0.0,0.0,0.0,1.0,0.0,0.0,0.0,0.0,1.0,0.0,0.0,0.0,0.0,0.0,35.0,0.0,0.0,0.0,0.0,0.0,0.0,1.0,0.0,0.0,0.0,0.0,0.0,0.0,0.0,0.0,0.0
1094,Mikel Oyarzabal,41,Spain,FWD,8.1,playing,37,6.2,6,16.0,2.0,15.0,2.0,14.0,,Mikel Oyarzabal,100.0,2.9,0.3448,6.0,0.1667,6.0,France,Spain,False,France,2.5,3.05,3.15,0.5627,1.75,0.5042,2.72,1.31,2.37,0.6888,0.4219,0.2657,1.98,2.92,1.23,0.7343,0.3112,4.0,1.0,5.0,1.0,469.0,0.0,0.0,10.0,0.0,1.0,0.0,5.0,0.0,0.0,0.0,0.0,0.0,0.0,0.0,90.0,0.0,0.0,0.0,0.0,0.0,0.0,1.0,0.0,0.0,0.0,1.0,0.0,1.0,0.0,0.0,0.0,0.0,45.0,1.0,0.0,0.0,0.0,0.0,0.0,1.0,2.0,0.0,0.0,1.0,1.0,3.0,0.0,0.0,0.0,0.0,76.0,0.0,0.0,0.0,0.0,0.0,0.0,1.0,0.0,0.0,0.0,0.0,0.0,0.0,0.0,0.0,0.0,0.0,90.0,0.0,0.0,0.0,0.0,0.0,0.0,1.0,2.0,0.0,0.0,1.0,0.0,4.0,0.0,0.0,0.0,0.0,89.0,0.0,0.0,0.0,0.0,0.0,0.0,1.0,0.0,0.0,0.0,0.0,0.0,1.0,0.0,0.0,0.0,0.0,79.0,0.0,0.0,0.0,0.0,0.0,0.0,0.0,0.0,1.0,0.0,2.0,0.0,1.0,0.0,0.0,0.0
1095,Borja Iglesias,41,Spain,FWD,6.8,playing,1,1.0,1,0.1,,,,,,Borja Iglesias,100.0,3.0,0.3333,6.3,0.1587,6.3,France,Spain,False,France,2.5,3.05,3.15,0.5627,1.75,0.5042,2.72,1.31,2.37,0.6888,0.4219,0.2657,1.98,2.92,1.23,0.7343,0.3112,0.0,0.0,1.0,0.0,1.0,0.0,0.0,0.0,0.0,0.0,0.0,0.0,0.0,0.0,0.0,0.0,0.0,0.0,,,,,,,,,,,,,,,,,,,,,,,,,,,,,,,,,,,,,,,,,,,,,,,,,,,,,,,,,,,,,,,,,,,,,,,,,0.0,1.0,0.0,0.0,0.0,0.0,0.0,0.0,1.0,0.0,0.0,0.0,0.0,0.0,0.0,0.0,0.0,0.0,,,,,,,,,,,,,,,,,,
1097,Víctor Muñoz,41,Spain,FWD,4.0,playing,0,0.0,0,0.9,,,,,,Victor Munoz,100.0,4.45,0.2247,9.75,0.1026,9.75,France,Spain,False,France,2.5,3.05,3.15,0.5627,1.75,0.5042,2.72,1.31,2.37,0.6888,0.4219,0.2657,1.98,2.92,1.23,0.7343,0.3112,0.0,0.0,0.0,0.0,0.0,0.0,0.0,0.0,0.0,0.0,0.0,0.0,0.0,0.0,0.0,0.0,0.0,0.0,,,,,,,,,,,,,,,,,,,,,,,,,,,,,,,,,,,,,,,,,,,,,,,,,,,,,,,,,,,,,,,,,,,,,,,,,,,,,,,,,,,,,,,,,,,,,,,,,,,,,,,,,,,,
1098,David Raya,41,Spain,GK,5.0,playing,0,0.0,0,7.2,,,,,,,,150.0,0.0067,,,,France,Spain,False,France,2.5,3.05,3.15,0.5627,1.75,0.5042,2.72,1.31,2.37,0.6888,0.4219,0.2657,1.98,2.92,1.23,0.7343,0.3112,0.0,0.0,0.0,0.0,0.0,0.0,0.0,0.0,0.0,0.0,0.0,0.0,0.0,0.0,0.0,0.0,0.0,0.0,,,,,,,,,,,,,,,,,,,,,,,,,,,,,,,,,,,,,,,,,,,,,,,,,,,,,,,,,,,,,,,,,,,,,,,,,,,,,,,,,,,,,,,,,,,,,,,,,,,,,,,,,,,,
1099,Unai Simón,41,Spain,GK,5.0,playing,37,6.2,6,18.6,7.0,7.0,7.0,7.0,,,,150.0,0.0067,,,,France,Spain,False,France,2.5,3.05,3.15,0.5627,1.75,0.5042,2.72,1.31,2.37,0.6888,0.4219,0.2657,1.98,2.92,1.23,0.7343,0.3112,0.0,0.0,5.0,1.0,540.0,0.0,0.0,0.0,0.0,0.0,0.0,0.0,7.0,0.0,0.0,0.0,0.0,0.0,0.0,90.0,0.0,0.0,0.0,0.0,0.0,0.0,1.0,0.0,0.0,0.0,0.0,0.0,0.0,0.0,1.0,0.0,0.0,90.0,0.0,0.0,0.0,0.0,0.0,0.0,1.0,0.0,0.0,0.0,0.0,0.0,0.0,0.0,1.0,0.0,0.0,90.0,0.0,0.0,0.0,0.0,0.0,0.0,1.0,0.0,0.0,0.0,0.0,0.0,0.0,0.0,2.0,0.0,0.0,90.0,0.0,0.0,0.0,0.0,0.0,0.0,1.0,0.0,0.0,0.0,0.0,0.0,0.0,0.0,0.0,0.0,0.0,90.0,0.0,0.0,0.0,0.0,0.0,0.0,1.0,0.0,0.0,0.0,0.0,0.0,0.0,0.0,2.0,0.0,0.0,90.0,0.0,0.0,0.0,0.0,0.0,0.0,0.0,0.0,1.0,0.0,0.0,0.0,0.0,0.0,1.0,0.0
1101,Joan García,41,Spain,GK,4.0,playing,0,0.0,0,1.3,,,,,,,,150.0,0.0067,,,,France,Spain,False,France,2.5,3.05,3.15,0.5627,1.75,0.5042,2.72,1.31,2.37,0.6888,0.4219,0.2657,1.98,2.92,1.23,0.7343,0.3112,0.0,0.0,0.0,0.0,0.0,0.0,0.0,0.0,0.0,0.0,0.0,0.0,0.0,0.0,0.0,0.0,0.0,0.0,,,,,,,,,,,,,,,,,,,,,,,,,,,,,,,,,,,,,,,,,,,,,,,,,,,,,,,,,,,,,,,,,,,,,,,,,,,,,,,,,,,,,,,,,,,,,,,,,,,,,,,,,,,,
1102,Marcos Llorente,41,Spain,DEF,5.5,playing,21,10.5,2,3.9,9.0,,12.0,,,Marcos Llorente,100.0,11.75,0.0851,27.0,0.037,28.0,France,Spain,False,France,2.5,3.05,3.15,0.5627,1.75,0.5042,2.72,1.31,2.37,0.6888,0.4219,0.2657,1.98,2.92,1.23,0.7343,0.3112,0.0,1.0,2.0,0.0,180.0,0.0,0.0,0.0,2.0,0.0,0.0,6.0,0.0,0.0,0.0,0.0,0.0,0.0,0.0,90.0,0.0,0.0,0.0,0.0,0.0,0.0,1.0,0.0,0.0,0.0,2.0,0.0,0.0,0.0,0.0,1.0,,,,,,,,,,,,,,,,,,,0.0,90.0,1.0,0.0,0.0,0.0,0.0,0.0,1.0,0.0,0.0,0.0,4.0,0.0,0.0,0.0,0.0,1.0,,,,,,,,,,,,,,,,,,,,,,,,,,,,,,,,,,,,,,,,,,,,,,,,,,,,,,
1104,Rodri,41,Spain,MID,7.5,playing,20,3.3,6,2.4,3.0,3.0,4.0,4.0,,Rodri,100.0,8.25,0.1212,18.5,0.0541,19.0,France,Spain,False,France,2.5,3.05,3.15,0.5627,1.75,0.5042,2.72,1.31,2.37,0.6888,0.4219,0.2657,1.98,2.92,1.23,0.7343,0.3112,0.0,0.0,5.0,1.0,537.0,0.0,0.0,0.0,0.0,0.0,0.0,19.0,0.0,0.0,0.0,0.0,0.0,0.0,0.0,87.0,0.0,0.0,0.0,0.0,0.0,0.0,1.0,0.0,0.0,0.0,2.0,0.0,0.0,0.0,0.0,0.0,0.0,90.0,0.0,0.0,0.0,0.0,0.0,0.0,1.0,0.0,0.0,0.0,2.0,0.0,0.0,0.0,0.0,0.0,0.0,90.0,0.0,0.0,0.0,0.0,0.0,0.0,1.0,0.0,0.0,0.0,5.0,0.0,0.0,0.0,0.0,0.0,0.0,90.0,0.0,0.0,0.0,0.0,0.0,0.0,1.0,0.0,0.0,0.0,5.0,0.0,0.0,0.0,0.0,0.0,0.0,90.0,0.0,0.0,0.0,0.0,0.0,0.0,1.0,0.0,0.0,0.0,4.0,0.0,0.0,0.0,0.0,0.0,0.0,90.0,0.0,0.0,0.0,0.0,0.0,0.0,0.0,0.0,1.0,0.0,1.0,0.0,0.0,0.0,0.0,0.0
1105,Dani Olmo,41,Spain,MID,7.7,playing,24,4.0,6,4.8,1.0,8.0,1.0,4.0,,Dani Olmo,100.0,5.5,0.1818,12.5,0.08,12.5,France,Spain,False,France,2.5,3.05,3.15,0.5627,1.75,0.5042,2.72,1.31,2.37,0.6888,0.4219,0.2657,1.98,2.92,1.23,0.7343,0.3112,0.0,2.0,5.0,1.0,342.0,0.0,0.0,1.0,2.0,2.0,0.0,6.0,0.0,0.0,0.0,0.0,0.0,0.0,0.0,9.0,0.0,0.0,0.0,0.0,0.0,0.0,1.0,0.0,0.0,0.0,0.0,0.0,0.0,0.0,0.0,0.0,0.0,61.0,1.0,0.0,0.0,0.0,0.0,0.0,1.0,0.0,0.0,0.0,1.0,1.0,0.0,0.0,0.0,1.0,0.0,30.0,0.0,0.0,0.0,0.0,0.0,0.0,1.0,0.0,0.0,0.0,0.0,0.0,0.0,0.0,0.0,0.0,0.0,71.0,0.0,0.0,0.0,0.0,0.0,0.0,1.0,0.0,0.0,0.0,4.0,0.0,0.0,0.0,0.0,0.0,0.0,85.0,0.0,0.0,0.0,0.0,0.0,0.0,1.0,0.0,0.0,0.0,1.0,1.0,0.0,0.0,0.0,0.0,0.0,86.0,1.0,0.0,0.0,0.0,0.0,0.0,0.0,0.0,1.0,0.0,0.0,0.0,1.0,0.0,0.0,1.0
1106,Pedri,41,Spain,MID,8.1,playing,17,2.8,6,7.1,2.0,3.0,4.0,4.0,,Pedri,100.0,8.25,0.1212,18.5,0.0541,19.0,France,Spain,False,France,2.5,3.05,3.15,0.5627,1.75,0.5042,2.72,1.31,2.37,0.6888,0.4219,0.2657,1.98,2.92,1.23,0.7343,0.3112,0.0,0.0,6.0,0.0,429.0,1.0,0.0,1.0,0.0,1.0,0.0,9.0,0.0,0.0,0.0,0.0,0.0,0.0,0.0,90.0,0.0,1.0,0.0,0.0,0.0,0.0,1.0,0.0,0.0,0.0,2.0,1.0,1.0,0.0,0.0,0.0,0.0,70.0,0.0,0.0,0.0,0.0,0.0,0.0,1.0,0.0,0.0,0.0,0.0,0.0,0.0,0.0,0.0,0.0,0.0,60.0,0.0,0.0,0.0,0.0,0.0,0.0,1.0,0.0,0.0,0.0,3.0,0.0,0.0,0.0,0.0,0.0,0.0,89.0,0.0,0.0,0.0,0.0,0.0,0.0,1.0,0.0,0.0,0.0,3.0,0.0,0.0,0.0,0.0,0.0,0.0,85.0,0.0,0.0,0.0,0.0,0.0,0.0,1.0,0.0,0.0,0.0,1.0,0.0,0.0,0.0,0.0,0.0,0.0,35.0,0.0,0.0,0.0,0.0,0.0,0.0,1.0,0.0,0.0,0.0,0.0,0.0,0.0,0.0,0.0,0.0
1315,Facundo Cambeses,2,Argentina,GK,4.0,transferred,0,0.0,0,0.0,,,,,,,,150.0,0.0067,,,,England,Argentina,False,England,2.7,2.85,2.87,0.507,2.05,0.4306,3.3,1.35,2.6,0.6667,0.3846,0.3244,1.82,2.7,1.33,0.6756,0.3333,0.0,0.0,0.0,0.0,0.0,0.0,0.0,0.0,0.0,0.0,0.0,0.0,0.0,0.0,0.0,0.0,0.0,0.0,,,,,,,,,,,,,,,,,,,,,,,,,,,,,,,,,,,,,,,,,,,,,,,,,,,,,,,,,,,,,,,,,,,,,,,,,,,,,,,,,,,,,,,,,,,,,,,,,,,,,,,,,,,,
1316,Walter Benítez,2,Argentina,GK,4.5,transferred,0,0.0,0,0.0,,,,,,,,150.0,0.0067,,,,England,Argentina,False,England,2.7,2.85,2.87,0.507,2.05,0.4306,3.3,1.35,2.6,0.6667,0.3846,0.3244,1.82,2.7,1.33,0.6756,0.3333,0.0,0.0,0.0,0.0,0.0,0.0,0.0,0.0,0.0,0.0,0.0,0.0,0.0,0.0,0.0,0.0,0.0,0.0,,,,,,,,,,,,,,,,,,,,,,,,,,,,,,,,,,,,,,,,,,,,,,,,,,,,,,,,,,,,,,,,,,,,,,,,,,,,,,,,,,,,,,,,,,,,,,,,,,,,,,,,,,,,
1317,Santiago Beltrán,2,Argentina,GK,4.0,transferred,0,0.0,0,0.0,,,,,,,,150.0,0.0067,,,,England,Argentina,False,England,2.7,2.85,2.87,0.507,2.05,0.4306,3.3,1.35,2.6,0.6667,0.3846,0.3244,1.82,2.7,1.33,0.6756,0.3333,0.0,0.0,0.0,0.0,0.0,0.0,0.0,0.0,0.0,0.0,0.0,0.0,0.0,0.0,0.0,0.0,0.0,0.0,,,,,,,,,,,,,,,,,,,,,,,,,,,,,,,,,,,,,,,,,,,,,,,,,,,,,,,,,,,,,,,,,,,,,,,,,,,,,,,,,,,,,,,,,,,,,,,,,,,,,,,,,,,,
1318,Lisandro Martínez,2,Argentina,DEF,4.6,playing,32,6.4,5,26.6,9.0,9.0,,11.0,,Lisandro Martínez,100.0,16.5,0.0606,37.0,0.027,37.0,England,Argentina,False,England,2.7,2.85,2.87,0.507,2.05,0.4306,3.3,1.35,2.6,0.6667,0.3846,0.3244,1.82,2.7,1.33,0.6756,0.3333,1.0,1.0,2.0,5.0,510.0,0.0,0.0,2.0,2.0,1.0,0.0,11.0,0.0,0.0,0.0,0.0,0.0,0.0,0.0,90.0,0.0,0.0,0.0,0.0,0.0,0.0,1.0,0.0,0.0,0.0,2.0,0.0,0.0,0.0,0.0,1.0,0.0,90.0,0.0,0.0,0.0,0.0,0.0,0.0,1.0,0.0,0.0,0.0,1.0,0.0,0.0,0.0,0.0,1.0,,,,,,,,,,,,,,,,,,,0.0,120.0,1.0,0.0,0.0,0.0,0.0,0.0,0.0,1.0,2.0,0.0,0.0,1.0,1.0,0.0,0.0,0.0,0.0,90.0,0.0,0.0,0.0,0.0,0.0,0.0,0.0,0.0,2.0,0.0,4.0,0.0,0.0,0.0,0.0,0.0,0.0,120.0,0.0,0.0,0.0,0.0,0.0,0.0,0.0,0.0,1.0,0.0,4.0,0.0,1.0,0.0,0.0,0.0
1319,Germán Pezzella,2,Argentina,DEF,4.2,transferred,0,0.0,0,0.0,,,,,,,,150.0,0.0067,,,,England,Argentina,False,England,2.7,2.85,2.87,0.507,2.05,0.4306,3.3,1.35,2.6,0.6667,0.3846,0.3244,1.82,2.7,1.33,0.6756,0.3333,0.0,0.0,0.0,0.0,0.0,0.0,0.0,0.0,0.0,0.0,0.0,0.0,0.0,0.0,0.0,0.0,0.0,0.0,,,,,,,,,,,,,,,,,,,,,,,,,,,,,,,,,,,,,,,,,,,,,,,,,,,,,,,,,,,,,,,,,,,,,,,,,,,,,,,,,,,,,,,,,,,,,,,,,,,,,,,,,,,,
1320,Facundo Medina,2,Argentina,DEF,4.0,playing,23,5.8,4,14.3,9.0,11.0,,2.0,,Facundo Medina,100.0,16.5,0.0606,37.0,0.027,37.0,England,Argentina,False,England,2.7,2.85,2.87,0.507,2.05,0.4306,3.3,1.35,2.6,0.6667,0.3846,0.3244,1.82,2.7,1.33,0.6756,0.3333,0.0,1.0,3.0,1.0,259.0,1.0,0.0,0.0,2.0,0.0,0.0,8.0,0.0,0.0,0.0,0.0,0.0,0.0,0.0,90.0,0.0,0.0,0.0,0.0,0.0,0.0,1.0,0.0,0.0,0.0,2.0,0.0,0.0,0.0,0.0,1.0,0.0,82.0,1.0,1.0,0.0,0.0,0.0,0.0,1.0,0.0,0.0,0.0,3.0,0.0,0.0,0.0,0.0,1.0,,,,,,,,,,,,,,,,,,,0.0,86.0,0.0,0.0,0.0,0.0,0.0,0.0,0.0,0.0,1.0,0.0,3.0,0.0,0.0,0.0,0.0,0.0,0.0,1.0,0.0,0.0,0.0,0.0,0.0,0.0,1.0,0.0,0.0,0.0,0.0,0.0,0.0,0.0,0.0,0.0,,,,,,,,,,,,,,,,,,
1321,Zaid Romero,2,Argentina,DEF,3.5,transferred,0,0.0,0,0.1,,,,,,,,150.0,0.0067,,,,England,Argentina,False,England,2.7,2.85,2.87,0.507,2.05,0.4306,3.3,1.35,2.6,0.6667,0.3846,0.3244,1.82,2.7,1.33,0.6756,0.3333,0.0,0.0,0.0,0.0,0.0,0.0,0.0,0.0,0.0,0.0,0.0,0.0,0.0,0.0,0.0,0.0,0.0,0.0,,,,,,,,,,,,,,,,,,,,,,,,,,,,,,,,,,,,,,,,,,,,,,,,,,,,,,,,,,,,,,,,,,,,,,,,,,,,,,,,,,,,,,,,,,,,,,,,,,,,,,,,,,,,
1322,Lautaro Di Lollo,2,Argentina,DEF,3.5,transferred,0,0.0,0,0.0,,,,,,,,150.0,0.0067,,,,England,Argentina,False,England,2.7,2.85,2.87,0.507,2.05,0.4306,3.3,1.35,2.6,0.6667,0.3846,0.3244,1.82,2.7,1.33,0.6756,0.3333,0.0,0.0,0.0,0.0,0.0,0.0,0.0,0.0,0.0,0.0,0.0,0.0,0.0,0.0,0.0,0.0,0.0,0.0,,,,,,,,,,,,,,,,,,,,,,,,,,,,,,,,,,,,,,,,,,,,,,,,,,,,,,,,,,,,,,,,,,,,,,,,,,,,,,,,,,,,,,,,,,,,,,,,,,,,,,,,,,,,
1323,Gonzalo Montiel,2,Argentina,DEF,4.3,playing,6,1.5,4,0.4,1.0,,,0.0,,Gonzalo Montiel,100.0,9.0,0.1111,19.0,0.0526,19.0,England,Argentina,False,England,2.7,2.85,2.87,0.507,2.05,0.4306,3.3,1.35,2.6,0.6667,0.3846,0.3244,1.82,2.7,1.33,0.6756,0.3333,0.0,1.0,4.0,0.0,113.0,1.0,0.0,0.0,0.0,0.0,0.0,2.0,0.0,0.0,0.0,0.0,0.0,0.0,0.0,45.0,0.0,0.0,0.0,0.0,0.0,0.0,1.0,0.0,0.0,0.0,2.0,0.0,0.0,0.0,0.0,0.0,,,,,,,,,,,,,,,,,,,,,,,,,,,,,,,,,,,,,0.0,16.0,0.0,1.0,0.0,0.0,0.0,0.0,1.0,0.0,0.0,0.0,0.0,0.0,0.0,0.0,0.0,0.0,0.0,17.0,1.0,0.0,0.0,0.0,0.0,0.0,1.0,0.0,0.0,0.0,0.0,0.0,0.0,0.0,0.0,0.0,0.0,35.0,0.0,0.0,0.0,0.0,0.0,0.0,1.0,0.0,0.0,0.0,0.0,0.0,0.0,0.0,0.0,0.0
1324,Kevin Mac Allister,2,Argentina,DEF,3.8,transferred,0,0.0,0,0.0,,,,,,,,150.0,0.0067,,,,England,Argentina,False,England,2.7,2.85,2.87,0.507,2.05,0.4306,3.3,1.35,2.6,0.6667,0.3846,0.3244,1.82,2.7,1.33,0.6756,0.3333,0.0,0.0,0.0,0.0,0.0,0.0,0.0,0.0,0.0,0.0,0.0,0.0,0.0,0.0,0.0,0.0,0.0,0.0,,,,,,,,,,,,,,,,,,,,,,,,,,,,,,,,,,,,,,,,,,,,,,,,,,,,,,,,,,,,,,,,,,,,,,,,,,,,,,,,,,,,,,,,,,,,,,,,,,,,,,,,,,,,
1325,Leonardo Balerdi,2,Argentina,DEF,4.0,transferred,0,0.0,0,0.1,,,,,,,,150.0,0.0067,,,,England,Argentina,False,England,2.7,2.85,2.87,0.507,2.05,0.4306,3.3,1.35,2.6,0.6667,0.3846,0.3244,1.82,2.7,1.33,0.6756,0.3333,0.0,0.0,0.0,0.0,0.0,0.0,0.0,0.0,0.0,0.0,0.0,0.0,0.0,0.0,0.0,0.0,0.0,0.0,,,,,,,,,,,,,,,,,,,,,,,,,,,,,,,,,,,,,,,,,,,,,,,,,,,,,,,,,,,,,,,,,,,,,,,,,,,,,,,,,,,,,,,,,,,,,,,,,,,,,,,,,,,,
1326,Giovani Lo Celso,2,Argentina,MID,6.2,playing,11,11.0,1,0.2,,,11.0,,,Giovani Lo Celso,100.0,6.3,0.1587,13.0,0.0769,13.5,England,Argentina,False,England,2.7,2.85,2.87,0.507,2.05,0.4306,3.3,1.35,2.6,0.6667,0.3846,0.3244,1.82,2.7,1.33,0.6756,0.3333,1.0,0.0,0.0,1.0,60.0,0.0,0.0,1.0,1.0,0.0,0.0,1.0,0.0,0.0,0.0,0.0,0.0,1.0,,,,,,,,,,,,,,,,,,,,,,,,,,,,,,,,,,,,,0.0,60.0,0.0,0.0,0.0,0.0,0.0,0.0,0.0,1.0,1.0,0.0,1.0,0.0,1.0,1.0,0.0,1.0,,,,,,,,,,,,,,,,,,,,,,,,,,,,,,,,,,,,,,,,,,,,,,,,,,,,,,
1327,Emiliano Buendía,2,Argentina,MID,6.5,transferred,0,0.0,0,0.0,,,,,,,,150.0,0.0067,,,,England,Argentina,False,England,2.7,2.85,2.87,0.507,2.05,0.4306,3.3,1.35,2.6,0.6667,0.3846,0.3244,1.82,2.7,1.33,0.6756,0.3333,0.0,0.0,0.0,0.0,0.0,0.0,0.0,0.0,0.0,0.0,0.0,0.0,0.0,0.0,0.0,0.0,0.0,0.0,,,,,,,,,,,,,,,,,,,,,,,,,,,,,,,,,,,,,,,,,,,,,,,,,,,,,,,,,,,,,,,,,,,,,,,,,,,,,,,,,,,,,,,,,,,,,,,,,,,,,,,,,,,,
1328,Aníbal Moreno,2,Argentina,MID,5.0,transferred,0,0.0,0,0.1,,,,,,,,150.0,0.0067,,,,England,Argentina,False,England,2.7,2.85,2.87,0.507,2.05,0.4306,3.3,1.35,2.6,0.6667,0.3846,0.3244,1.82,2.7,1.33,0.6756,0.3333,0.0,0.0,0.0,0.0,0.0,0.0,0.0,0.0,0.0,0.0,0.0,0.0,0.0,0.0,0.0,0.0,0.0,0.0,,,,,,,,,,,,,,,,,,,,,,,,,,,,,,,,,,,,,,,,,,,,,,,,,,,,,,,,,,,,,,,,,,,,,,,,,,,,,,,,,,,,,,,,,,,,,,,,,,,,,,,,,,,,
1329,Equi Fernández,2,Argentina,MID,5.0,transferred,0,0.0,0,0.1,,,,,,Enzo Fernández,78.57142857142857,9.5,0.1053,20.0,0.05,21.0,England,Argentina,False,England,2.7,2.85,2.87,0.507,2.05,0.4306,3.3,1.35,2.6,0.6667,0.3846,0.3244,1.82,2.7,1.33,0.6756,0.3333,0.0,0.0,0.0,0.0,0.0,0.0,0.0,0.0,0.0,0.0,0.0,0.0,0.0,0.0,0.0,0.0,0.0,0.0,,,,,,,,,,,,,,,,,,,,,,,,,,,,,,,,,,,,,,,,,,,,,,,,,,,,,,,,,,,,,,,,,,,,,,,,,,,,,,,,,,,,,,,,,,,,,,,,,,,,,,,,,,,,
1330,Guido Rodríguez,2,Argentina,MID,5.6,transferred,0,0.0,0,0.0,,,,,,,,150.0,0.0067,,,,England,Argentina,False,England,2.7,2.85,2.87,0.507,2.05,0.4306,3.3,1.35,2.6,0.6667,0.3846,0.3244,1.82,2.7,1.33,0.6756,0.3333,0.0,0.0,0.0,0.0,0.0,0.0,0.0,0.0,0.0,0.0,0.0,0.0,0.0,0.0,0.0,0.0,0.0,0.0,,,,,,,,,,,,,,,,,,,,,,,,,,,,,,,,,,,,,,,,,,,,,,,,,,,,,,,,,,,,,,,,,,,,,,,,,,,,,,,,,,,,,,,,,,,,,,,,,,,,,,,,,,,,
1331,Alan Varela,2,Argentina,MID,5.0,transferred,0,0.0,0,0.1,,,,,,,,150.0,0.0067,,,,England,Argentina,False,England,2.7,2.85,2.87,0.507,2.05,0.4306,3.3,1.35,2.6,0.6667,0.3846,0.3244,1.82,2.7,1.33,0.6756,0.3333,0.0,0.0,0.0,0.0,0.0,0.0,0.0,0.0,0.0,0.0,0.0,0.0,0.0,0.0,0.0,0.0,0.0,0.0,,,,,,,,,,,,,,,,,,,,,,,,,,,,,,,,,,,,,,,,,,,,,,,,,,,,,,,,,,,,,,,,,,,,,,,,,,,,,,,,,,,,,,,,,,,,,,,,,,,,,,,,,,,,
1332,Tomás Aranda,2,Argentina,MID,4.3,transferred,0,0.0,0,0.0,,,,,,,,150.0,0.0067,,,,England,Argentina,False,England,2.7,2.85,2.87,0.507,2.05,0.4306,3.3,1.35,2.6,0.6667,0.3846,0.3244,1.82,2.7,1.33,0.6756,0.3333,0.0,0.0,0.0,0.0,0.0,0.0,0.0,0.0,0.0,0.0,0.0,0.0,0.0,0.0,0.0,0.0,0.0,0.0,,,,,,,,,,,,,,,,,,,,,,,,,,,,,,,,,,,,,,,,,,,,,,,,,,,,,,,,,,,,,,,,,,,,,,,,,,,,,,,,,,,,,,,,,,,,,,,,,,,,,,,,,,,,
1333,Nicolás Domínguez,2,Argentina,MID,5.0,transferred,0,0.0,0,0.0,,,,,,,,150.0,0.0067,,,,England,Argentina,False,England,2.7,2.85,2.87,0.507,2.05,0.4306,3.3,1.35,2.6,0.6667,0.3846,0.3244,1.82,2.7,1.33,0.6756,0.3333,0.0,0.0,0.0,0.0,0.0,0.0,0.0,0.0,0.0,0.0,0.0,0.0,0.0,0.0,0.0,0.0,0.0,0.0,,,,,,,,,,,,,,,,,,,,,,,,,,,,,,,,,,,,,,,,,,,,,,,,,,,,,,,,,,,,,,,,,,,,,,,,,,,,,,,,,,,,,,,,,,,,,,,,,,,,,,,,,,,,
1334,Claudio Echeverri,2,Argentina,MID,5.5,transferred,0,0.0,0,0.0,,,,,,,,150.0,0.0067,,,,England,Argentina,False,England,2.7,2.85,2.87,0.507,2.05,0.4306,3.3,1.35,2.6,0.6667,0.3846,0.3244,1.82,2.7,1.33,0.6756,0.3333,0.0,0.0,0.0,0.0,0.0,0.0,0.0,0.0,0.0,0.0,0.0,0.0,0.0,0.0,0.0,0.0,0.0,0.0,,,,,,,,,,,,,,,,,,,,,,,,,,,,,,,,,,,,,,,,,,,,,,,,,,,,,,,,,,,,,,,,,,,,,,,,,,,,,,,,,,,,,,,,,,,,,,,,,,,,,,,,,,,,
1335,Matías Soulé,2,Argentina,MID,6.2,transferred,0,0.0,0,0.0,,,,,,,,150.0,0.0067,,,,England,Argentina,False,England,2.7,2.85,2.87,0.507,2.05,0.4306,3.3,1.35,2.6,0.6667,0.3846,0.3244,1.82,2.7,1.33,0.6756,0.3333,0.0,0.0,0.0,0.0,0.0,0.0,0.0,0.0,0.0,0.0,0.0,0.0,0.0,0.0,0.0,0.0,0.0,0.0,,,,,,,,,,,,,,,,,,,,,,,,,,,,,,,,,,,,,,,,,,,,,,,,,,,,,,,,,,,,,,,,,,,,,,,,,,,,,,,,,,,,,,,,,,,,,,,,,,,,,,,,,,,,
1336,Nicolás Capaldo,2,Argentina,MID,5.0,transferred,0,0.0,0,0.0,,,,,,,,150.0,0.0067,,,,England,Argentina,False,England,2.7,2.85,2.87,0.507,2.05,0.4306,3.3,1.35,2.6,0.6667,0.3846,0.3244,1.82,2.7,1.33,0.6756,0.3333,0.0,0.0,0.0,0.0,0.0,0.0,0.0,0.0,0.0,0.0,0.0,0.0,0.0,0.0,0.0,0.0,0.0,0.0,,,,,,,,,,,,,,,,,,,,,,,,,,,,,,,,,,,,,,,,,,,,,,,,,,,,,,,,,,,,,,,,,,,,,,,,,,,,,,,,,,,,,,,,,,,,,,,,,,,,,,,,,,,,
1337,Milton Delgado,2,Argentina,MID,4.2,transferred,0,0.0,0,0.0,,,,,,,,150.0,0.0067,,,,England,Argentina,False,England,2.7,2.85,2.87,0.507,2.05,0.4306,3.3,1.35,2.6,0.6667,0.3846,0.3244,1.82,2.7,1.33,0.6756,0.3333,0.0,0.0,0.0,0.0,0.0,0.0,0.0,0.0,0.0,0.0,0.0,0.0,0.0,0.0,0.0,0.0,0.0,0.0,,,,,,,,,,,,,,,,,,,,,,,,,,,,,,,,,,,,,,,,,,,,,,,,,,,,,,,,,,,,,,,,,,,,,,,,,,,,,,,,,,,,,,,,,,,,,,,,,,,,,,,,,,,,
1338,Lautaro Martínez,2,Argentina,FWD,8.8,playing,27,4.5,6,3.3,1.0,4.0,9.0,2.0,,Lautaro Martínez,100.0,3.75,0.2667,7.5,0.1333,7.5,England,Argentina,False,England,2.7,2.85,2.87,0.507,2.05,0.4306,3.3,1.35,2.6,0.6667,0.3846,0.3244,1.82,2.7,1.33,0.6756,0.3333,2.0,1.0,3.0,3.0,302.0,1.0,0.0,3.0,2.0,3.0,0.0,3.0,0.0,0.0,0.0,0.0,1.0,0.0,0.0,55.0,0.0,0.0,0.0,0.0,0.0,0.0,1.0,0.0,0.0,0.0,1.0,0.0,1.0,0.0,0.0,0.0,0.0,65.0,0.0,0.0,0.0,0.0,1.0,0.0,1.0,0.0,0.0,0.0,2.0,0.0,0.0,0.0,0.0,0.0,0.0,60.0,0.0,0.0,0.0,0.0,0.0,0.0,0.0,1.0,1.0,0.0,0.0,0.0,1.0,0.0,0.0,1.0,0.0,63.0,0.0,0.0,0.0,0.0,0.0,0.0,0.0,0.0,1.0,0.0,0.0,1.0,0.0,0.0,0.0,0.0,0.0,24.0,1.0,0.0,0.0,0.0,0.0,0.0,0.0,0.0,1.0,0.0,0.0,1.0,0.0,0.0,0.0,0.0,0.0,35.0,0.0,1.0,0.0,0.0,0.0,0.0,1.0,1.0,0.0,0.0,0.0,1.0,1.0,0.0,0.0,1.0
1339,Mateo Pellegrino,2,Argentina,FWD,5.0,transferred,0,0.0,0,0.1,,,,,,,,150.0,0.0067,,,,England,Argentina,False,England,2.7,2.85,2.87,0.507,2.05,0.4306,3.3,1.35,2.6,0.6667,0.3846,0.3244,1.82,2.7,1.33,0.6756,0.3333,0.0,0.0,0.0,0.0,0.0,0.0,0.0,0.0,0.0,0.0,0.0,0.0,0.0,0.0,0.0,0.0,0.0,0.0,,,,,,,,,,,,,,,,,,,,,,,,,,,,,,,,,,,,,,,,,,,,,,,,,,,,,,,,,,,,,,,,,,,,,,,,,,,,,,,,,,,,,,,,,,,,,,,,,,,,,,,,,,,,
1340,Santiago Castro,2,Argentina,FWD,6.0,transferred,0,0.0,0,0.0,,,,,,,,150.0,0.0067,,,,England,Argentina,False,England,2.7,2.85,2.87,0.507,2.05,0.4306,3.3,1.35,2.6,0.6667,0.3846,0.3244,1.82,2.7,1.33,0.6756,0.3333,0.0,0.0,0.0,0.0,0.0,0.0,0.0,0.0,0.0,0.0,0.0,0.0,0.0,0.0,0.0,0.0,0.0,0.0,,,,,,,,,,,,,,,,,,,,,,,,,,,,,,,,,,,,,,,,,,,,,,,,,,,,,,,,,,,,,,,,,,,,,,,,,,,,,,,,,,,,,,,,,,,,,,,,,,,,,,,,,,,,
1428,Robin Risser,19,France,GK,3.5,playing,0,0.0,0,2.3,,,,,,,,150.0,0.0067,,,,France,Spain,True,Spain,2.5,3.05,3.15,0.5627,1.75,0.5042,2.72,1.23,2.1,0.7343,0.4762,0.3112,1.62,2.35,1.31,0.6888,0.2657,0.0,0.0,0.0,0.0,0.0,0.0,0.0,0.0,0.0,0.0,0.0,0.0,0.0,0.0,0.0,0.0,0.0,0.0,,,,,,,,,,,,,,,,,,,,,,,,,,,,,,,,,,,,,,,,,,,,,,,,,,,,,,,,,,,,,,,,,,,,,,,,,,,,,,,,,,,,,,,,,,,,,,,,,,,,,,,,,,,,
1429,William Saliba,19,France,DEF,5.3,playing,30,6.0,5,17.2,2.0,7.0,,7.0,,William Saliba,100.0,18.0,0.0556,45.0,0.0222,45.0,France,Spain,True,Spain,2.5,3.05,3.15,0.5627,1.75,0.5042,2.72,1.23,2.1,0.7343,0.4762,0.3112,1.62,2.35,1.31,0.6888,0.2657,0.0,0.0,4.0,1.0,450.0,0.0,0.0,0.0,0.0,0.0,0.0,2.0,0.0,0.0,0.0,0.0,0.0,0.0,0.0,90.0,0.0,0.0,0.0,0.0,0.0,0.0,0.0,0.0,1.0,0.0,0.0,0.0,0.0,0.0,0.0,0.0,0.0,90.0,0.0,0.0,0.0,0.0,0.0,0.0,1.0,0.0,0.0,0.0,1.0,0.0,0.0,0.0,0.0,0.0,,,,,,,,,,,,,,,,,,,0.0,90.0,0.0,0.0,0.0,0.0,0.0,0.0,1.0,0.0,0.0,0.0,1.0,0.0,0.0,0.0,0.0,0.0,0.0,90.0,0.0,0.0,0.0,0.0,0.0,0.0,1.0,0.0,0.0,0.0,0.0,0.0,0.0,0.0,0.0,0.0,0.0,90.0,0.0,0.0,0.0,0.0,0.0,0.0,1.0,0.0,0.0,0.0,0.0,0.0,0.0,0.0,0.0,0.0
1430,Jules Koundé,19,France,DEF,5.4,playing,32,5.3,6,13.8,2.0,7.0,2.0,7.0,,Jules Koundé,100.0,14.0,0.0714,32.0,0.0312,35.0,France,Spain,True,Spain,2.5,3.05,3.15,0.5627,1.75,0.5042,2.72,1.23,2.1,0.7343,0.4762,0.3112,1.62,2.35,1.31,0.6888,0.2657,0.0,0.0,4.0,2.0,512.0,0.0,0.0,0.0,0.0,2.0,0.0,13.0,0.0,0.0,0.0,0.0,0.0,0.0,0.0,90.0,0.0,0.0,0.0,0.0,0.0,0.0,0.0,0.0,1.0,0.0,4.0,1.0,0.0,0.0,0.0,0.0,0.0,83.0,0.0,0.0,0.0,0.0,0.0,0.0,1.0,0.0,0.0,0.0,1.0,0.0,0.0,0.0,0.0,0.0,0.0,87.0,0.0,0.0,0.0,0.0,0.0,0.0,0.0,0.0,1.0,0.0,4.0,0.0,0.0,0.0,0.0,0.0,0.0,75.0,0.0,0.0,0.0,0.0,0.0,0.0,1.0,0.0,0.0,0.0,2.0,1.0,0.0,0.0,0.0,0.0,0.0,90.0,0.0,0.0,0.0,0.0,0.0,0.0,1.0,0.0,0.0,0.0,2.0,0.0,0.0,0.0,0.0,0.0,0.0,87.0,0.0,0.0,0.0,0.0,0.0,0.0,1.0,0.0,0.0,0.0,0.0,0.0,0.0,0.0,0.0,0.0
1431,Bradley Barcola,19,France,MID,8.0,playing,30,5.0,6,5.7,9.0,3.0,4.0,11.0,,Bradley Barcola,100.0,4.25,0.2353,9.5,0.1053,9.5,France,Spain,True,Spain,2.5,3.05,3.15,0.5627,1.75,0.5042,2.72,1.23,2.1,0.7343,0.4762,0.3112,1.62,2.35,1.31,0.6888,0.2657,2.0,1.0,5.0,1.0,282.0,1.0,0.0,4.0,2.0,1.0,0.0,4.0,0.0,0.0,0.0,0.0,0.0,0.0,0.0,10.0,0.0,0.0,0.0,0.0,0.0,0.0,0.0,1.0,1.0,0.0,0.0,0.0,1.0,0.0,0.0,1.0,0.0,83.0,0.0,0.0,0.0,0.0,0.0,0.0,1.0,0.0,0.0,0.0,2.0,0.0,0.0,0.0,0.0,0.0,0.0,25.0,1.0,0.0,0.0,0.0,0.0,0.0,1.0,0.0,0.0,0.0,0.0,1.0,0.0,0.0,0.0,0.0,0.0,90.0,0.0,0.0,0.0,0.0,0.0,0.0,1.0,1.0,0.0,0.0,1.0,0.0,2.0,0.0,0.0,1.0,0.0,61.0,0.0,1.0,0.0,0.0,0.0,0.0,1.0,0.0,0.0,0.0,1.0,0.0,0.0,0.0,0.0,0.0,0.0,13.0,0.0,0.0,0.0,0.0,0.0,0.0,1.0,0.0,0.0,0.0,0.0,0.0,1.0,0.0,0.0,0.0
1432,Jean-Philippe Mateta,19,France,FWD,6.5,playing,3,1.0,3,0.2,,,1.0,1.0,,Jean-Philippe Mateta,100.0,3.35,0.2985,7.3,0.137,7.3,France,Spain,True,Spain,2.5,3.05,3.15,0.5627,1.75,0.5042,2.72,1.23,2.1,0.7343,0.4762,0.3112,1.62,2.35,1.31,0.6888,0.2657,0.0,0.0,3.0,0.0,21.0,0.0,0.0,1.0,0.0,0.0,0.0,0.0,0.0,0.0,0.0,0.0,0.0,0.0,,,,,,,,,,,,,,,,,,,,,,,,,,,,,,,,,,,,,0.0,3.0,0.0,0.0,0.0,0.0,0.0,0.0,1.0,0.0,0.0,0.0,0.0,0.0,0.0,0.0,0.0,0.0,0.0,5.0,0.0,0.0,0.0,0.0,0.0,0.0,1.0,0.0,0.0,0.0,0.0,0.0,0.0,0.0,0.0,0.0,,,,,,,,,,,,,,,,,,,0.0,13.0,0.0,0.0,0.0,0.0,0.0,0.0,1.0,0.0,0.0,0.0,0.0,0.0,1.0,0.0,0.0,0.0
1708,Jarell Quansah,18,England,DEF,4.4,suspended,6,3.0,2,0.1,,,8.0,,,,,150.0,0.0067,,,,England,Argentina,True,Argentina,2.7,2.85,2.87,0.507,2.05,0.4306,3.3,1.33,2.47,0.6756,0.4049,0.3333,1.75,2.55,1.35,0.6667,0.3244,0.0,0.0,1.0,2.0,117.0,1.0,1.0,0.0,1.0,0.0,0.0,2.0,0.0,0.0,0.0,0.0,0.0,0.0,,,,,,,,,,,,,,,,,,,,,,,,,,,,,,,,,,,,,0.0,63.0,0.0,1.0,0.0,0.0,0.0,0.0,1.0,0.0,0.0,0.0,0.0,0.0,0.0,0.0,0.0,1.0,,,,,,,,,,,,,,,,,,,0.0,54.0,0.0,0.0,1.0,0.0,0.0,0.0,0.0,0.0,2.0,0.0,2.0,0.0,0.0,0.0,0.0,0.0,,,,,,,,,,,,,,,,,,
1709,Reece James,18,England,DEF,5.2,playing,11,3.7,3,3.2,1.0,9.0,,,,Reece James,100.0,12.5,0.08,26.0,0.0385,27.0,England,Argentina,True,Argentina,2.7,2.85,2.87,0.507,2.05,0.4306,3.3,1.33,2.47,0.6756,0.4049,0.3333,1.75,2.55,1.35,0.6667,0.3244,0.0,0.0,2.0,2.0,229.0,0.0,0.0,0.0,1.0,1.0,0.0,4.0,0.0,0.0,0.0,0.0,0.0,0.0,0.0,90.0,0.0,0.0,0.0,0.0,0.0,0.0,0.0,0.0,2.0,0.0,0.0,0.0,0.0,0.0,0.0,0.0,0.0,90.0,0.0,0.0,0.0,0.0,0.0,0.0,1.0,0.0,0.0,0.0,2.0,1.0,0.0,0.0,0.0,1.0,,,,,,,,,,,,,,,,,,,,,,,,,,,,,,,,,,,,,,,,,,,,,,,,,,,,,,,0.0,49.0,0.0,0.0,0.0,0.0,0.0,0.0,1.0,0.0,0.0,0.0,2.0,0.0,0.0,0.0,0.0,0.0
1710,Eberechi Eze,18,England,MID,8.0,playing,6,1.5,4,1.0,,1.0,1.0,1.0,,Eberechi Eze,100.0,5.0,0.2,10.25,0.0976,10.25,England,Argentina,True,Argentina,2.7,2.85,2.87,0.507,2.05,0.4306,3.3,1.33,2.47,0.6756,0.4049,0.3333,1.75,2.55,1.35,0.6667,0.3244,0.0,0.0,4.0,0.0,130.0,0.0,0.0,0.0,0.0,0.0,0.0,0.0,0.0,0.0,0.0,0.0,0.0,0.0,,,,,,,,,,,,,,,,,,,0.0,16.0,0.0,0.0,0.0,0.0,0.0,0.0,1.0,0.0,0.0,0.0,0.0,0.0,0.0,0.0,0.0,0.0,0.0,19.0,0.0,0.0,0.0,0.0,0.0,0.0,1.0,0.0,0.0,0.0,0.0,0.0,0.0,0.0,0.0,0.0,0.0,20.0,0.0,0.0,0.0,0.0,0.0,0.0,1.0,0.0,0.0,0.0,0.0,0.0,0.0,0.0,0.0,0.0,,,,,,,,,,,,,,,,,,,0.0,75.0,0.0,0.0,0.0,0.0,0.0,0.0,1.0,0.0,0.0,0.0,0.0,0.0,0.0,0.0,0.0,0.0
1711,Ollie Watkins,18,England,FWD,7.9,playing,1,1.0,1,0.9,,,1.0,,,Ollie Watkins,100.0,2.85,0.3509,5.5,0.1818,5.5,England,Argentina,True,Argentina,2.7,2.85,2.87,0.507,2.05,0.4306,3.3,1.33,2.47,0.6756,0.4049,0.3333,1.75,2.55,1.35,0.6667,0.3244,0.0,0.0,1.0,0.0,6.0,0.0,0.0,0.0,0.0,0.0,0.0,0.0,0.0,0.0,0.0,0.0,0.0,0.0,,,,,,,,,,,,,,,,,,,,,,,,,,,,,,,,,,,,,0.0,6.0,0.0,0.0,0.0,0.0,0.0,0.0,1.0,0.0,0.0,0.0,0.0,0.0,0.0,0.0,0.0,0.0,,,,,,,,,,,,,,,,,,,,,,,,,,,,,,,,,,,,,,,,,,,,,,,,,,,,,,
1712,Ivan Toney,18,England,FWD,7.5,playing,0,0.0,0,0.2,,,,,,Ivan Toney,100.0,2.85,0.3509,5.5,0.1818,5.5,England,Argentina,True,Argentina,2.7,2.85,2.87,0.507,2.05,0.4306,3.3,1.33,2.47,0.6756,0.4049,0.3333,1.75,2.55,1.35,0.6667,0.3244,0.0,0.0,0.0,0.0,0.0,0.0,0.0,0.0,0.0,0.0,0.0,0.0,0.0,0.0,0.0,0.0,0.0,0.0,,,,,,,,,,,,,,,,,,,,,,,,,,,,,,,,,,,,,,,,,,,,,,,,,,,,,,,,,,,,,,,,,,,,,,,,,,,,,,,,,,,,,,,,,,,,,,,,,,,,,,,,,,,,
1995,Eric García,41,Spain,DEF,4.5,playing,0,0.0,0,0.7,,,,,,Eric Garcia,100.0,10.5,0.0952,24.0,0.0417,24.0,France,Spain,False,France,2.5,3.05,3.15,0.5627,1.75,0.5042,2.72,1.31,2.37,0.6888,0.4219,0.2657,1.98,2.92,1.23,0.7343,0.3112,0.0,0.0,0.0,0.0,0.0,0.0,0.0,0.0,0.0,0.0,0.0,0.0,0.0,0.0,0.0,0.0,0.0,0.0,,,,,,,,,,,,,,,,,,,,,,,,,,,,,,,,,,,,,,,,,,,,,,,,,,,,,,,,,,,,,,,,,,,,,,,,,,,,,,,,,,,,,,,,,,,,,,,,,,,,,,,,,,,,
1996,Marc Pubill,41,Spain,DEF,4.2,playing,1,1.0,1,0.5,,,,1.0,,Marc Pubill,100.0,11.75,0.0851,27.0,0.037,28.0,France,Spain,False,France,2.5,3.05,3.15,0.5627,1.75,0.5042,2.72,1.31,2.37,0.6888,0.4219,0.2657,1.98,2.92,1.23,0.7343,0.3112,0.0,0.0,1.0,0.0,1.0,0.0,0.0,0.0,0.0,0.0,0.0,0.0,0.0,0.0,0.0,0.0,0.0,0.0,,,,,,,,,,,,,,,,,,,,,,,,,,,,,,,,,,,,,,,,,,,,,,,,,,,,,,,0.0,1.0,0.0,0.0,0.0,0.0,0.0,0.0,1.0,0.0,0.0,0.0,0.0,0.0,0.0,0.0,0.0,0.0,,,,,,,,,,,,,,,,,,,,,,,,,,,,,,,,,,,,
1997,Mikel Merino,41,Spain,MID,6.2,playing,24,4.0,6,4.3,1.0,1.0,3.0,1.0,,Mikel Merino,100.0,4.45,0.2247,9.75,0.1026,9.75,France,Spain,False,France,2.5,3.05,3.15,0.5627,1.75,0.5042,2.72,1.31,2.37,0.6888,0.4219,0.2657,1.98,2.92,1.23,0.7343,0.3112,2.0,0.0,6.0,0.0,136.0,0.0,0.0,3.0,2.0,1.0,0.0,2.0,0.0,0.0,0.0,0.0,0.0,0.0,0.0,19.0,0.0,0.0,0.0,0.0,0.0,0.0,1.0,0.0,0.0,0.0,1.0,0.0,1.0,0.0,0.0,0.0,0.0,29.0,0.0,0.0,0.0,0.0,0.0,0.0,1.0,0.0,0.0,0.0,0.0,1.0,0.0,0.0,0.0,0.0,0.0,60.0,0.0,0.0,0.0,0.0,0.0,0.0,1.0,0.0,0.0,0.0,1.0,0.0,0.0,0.0,0.0,0.0,0.0,19.0,0.0,0.0,0.0,0.0,0.0,0.0,1.0,0.0,0.0,0.0,0.0,0.0,0.0,0.0,0.0,0.0,0.0,5.0,0.0,0.0,0.0,0.0,0.0,0.0,1.0,1.0,0.0,0.0,0.0,0.0,1.0,0.0,0.0,1.0,0.0,4.0,0.0,0.0,0.0,0.0,0.0,0.0,1.0,1.0,0.0,0.0,0.0,0.0,1.0,0.0,0.0,1.0
1998,Fabián Ruiz,41,Spain,MID,6.8,playing,16,2.7,6,0.9,3.0,1.0,1.0,1.0,,Fabián Ruiz,100.0,6.8,0.1471,15.0,0.0667,15.5,France,Spain,False,France,2.5,3.05,3.15,0.5627,1.75,0.5042,2.72,1.31,2.37,0.6888,0.4219,0.2657,1.98,2.92,1.23,0.7343,0.3112,1.0,0.0,5.0,1.0,182.0,0.0,0.0,2.0,1.0,1.0,0.0,2.0,0.0,0.0,0.0,0.0,0.0,0.0,0.0,71.0,0.0,0.0,0.0,0.0,0.0,0.0,1.0,0.0,0.0,0.0,1.0,0.0,1.0,0.0,0.0,0.0,0.0,20.0,0.0,0.0,0.0,0.0,0.0,0.0,1.0,0.0,0.0,0.0,0.0,0.0,0.0,0.0,0.0,0.0,0.0,30.0,0.0,0.0,0.0,0.0,0.0,0.0,1.0,0.0,0.0,0.0,0.0,1.0,0.0,0.0,0.0,0.0,0.0,1.0,0.0,0.0,0.0,0.0,0.0,0.0,1.0,0.0,0.0,0.0,0.0,0.0,0.0,0.0,0.0,0.0,0.0,5.0,0.0,0.0,0.0,0.0,0.0,0.0,1.0,0.0,0.0,0.0,0.0,0.0,0.0,0.0,0.0,0.0,0.0,55.0,0.0,0.0,0.0,0.0,0.0,0.0,0.0,1.0,1.0,0.0,1.0,0.0,1.0,0.0,0.0,1.0
1999,Gavi,41,Spain,MID,6.5,playing,5,2.5,2,0.8,4.0,,,1.0,,Gavi,100.0,8.25,0.1212,18.5,0.0541,19.0,France,Spain,False,France,2.5,3.05,3.15,0.5627,1.75,0.5042,2.72,1.31,2.37,0.6888,0.4219,0.2657,1.98,2.92,1.23,0.7343,0.3112,0.0,0.0,2.0,0.0,76.0,0.0,0.0,0.0,0.0,0.0,0.0,3.0,0.0,0.0,0.0,0.0,0.0,0.0,0.0,71.0,0.0,0.0,0.0,0.0,0.0,0.0,1.0,0.0,0.0,0.0,3.0,0.0,0.0,0.0,0.0,0.0,,,,,,,,,,,,,,,,,,,,,,,,,,,,,,,,,,,,,0.0,5.0,0.0,0.0,0.0,0.0,0.0,0.0,1.0,0.0,0.0,0.0,0.0,0.0,0.0,0.0,0.0,0.0,,,,,,,,,,,,,,,,,,,,,,,,,,,,,,,,,,,,
2000,Nico Williams,41,Spain,MID,7.8,playing,4,1.0,4,1.6,1.0,1.0,1.0,,,Nico Williams,100.0,4.1,0.2439,9.0,0.1111,9.0,France,Spain,False,France,2.5,3.05,3.15,0.5627,1.75,0.5042,2.72,1.31,2.37,0.6888,0.4219,0.2657,1.98,2.92,1.23,0.7343,0.3112,0.0,0.0,4.0,0.0,57.0,0.0,0.0,0.0,0.0,0.0,0.0,0.0,0.0,0.0,0.0,0.0,0.0,0.0,0.0,3.0,0.0,0.0,0.0,0.0,0.0,0.0,1.0,0.0,0.0,0.0,0.0,0.0,0.0,0.0,0.0,0.0,0.0,29.0,0.0,0.0,0.0,0.0,0.0,0.0,1.0,0.0,0.0,0.0,0.0,0.0,0.0,0.0,0.0,0.0,0.0,14.0,0.0,0.0,0.0,0.0,0.0,0.0,1.0,0.0,0.0,0.0,0.0,0.0,0.0,0.0,0.0,0.0,,,,,,,,,,,,,,,,,,,,,,,,,,,,,,,,,,,,,0.0,11.0,0.0,0.0,0.0,0.0,0.0,0.0,1.0,0.0,0.0,0.0,0.0,0.0,0.0,0.0,0.0,0.0
2078,Trevoh Chalobah,18,England,DEF,4.5,playing,0,0.0,0,0.2,,,,,,Trevoh Chalobah,100.0,13.5,0.0741,29.0,0.0345,30.0,England,Argentina,True,Argentina,2.7,2.85,2.87,0.507,2.05,0.4306,3.3,1.33,2.47,0.6756,0.4049,0.3333,1.75,2.55,1.35,0.6667,0.3244,0.0,0.0,0.0,0.0,0.0,0.0,0.0,0.0,0.0,0.0,0.0,0.0,0.0,0.0,0.0,0.0,0.0,0.0,,,,,,,,,,,,,,,,,,,,,,,,,,,,,,,,,,,,,,,,,,,,,,,,,,,,,,,,,,,,,,,,,,,,,,,,,,,,,,,,,,,,,,,,,,,,,,,,,,,,,,,,,,,,
